"ID_LIEKU","NAZOV"
771,"Deferasirox Sandoz 360 mg"
772,"Deferasirox STADA 180 mg"
773,"Deferasirox STADA 360 mg"
774,"Deferasirox Zentiva 360 mg"
775,"DENEREL"
776,"DEOXYMYKOIN"
777,"Depakine"
778,"Depakine Chrono 500 mg"
779,"DEPO-MEDROL 40 mg/ml"
780,"Dereflin 20 mg"
781,"Dereflin 40 mg"
782,"Derin 100 mg"
783,"Derin 200 mg"
784,"Derin 25 mg"
785,"Derin 300 mg"
786,"Derin Prolong"
787,"Desloratadin Xantis 5 mg"
788,"Desloratadin Zentiva 0,5 mg/ml"
789,"Desloratadin Zentiva 5 mg"
790,"Desloratadine  Actavis 5 mg"
791,"Desloratadine Glenmark 5 mg"
792,"Detreman 1 mg"
793,"Dexadol 25 mg"
794,"Dexa-Gentamicin"
795,"DEXAMED"
796,"Dexametazn Krka 20 mg"
797,"Dexametazn Krka 4 mg"
798,"Dexamethasone Noridem 4 mg/ml"
799,"DHC Continus 120 mg"
800,"DHC Continus 60 mg"
801,"DHC Continus 90 mg"
802,"DIACORDIN 120 RETARD"
803,"DIACORDIN 90 RETARD"
804,"DIAPREL MR 60 mg"
805,"Diazepam Desitin rectal tube 10 mg"
806,"Diazepam Desitin rectal tube 5 mg"
807,"DICARTIL 10 mg/10 mg"
808,"DICARTIL 5 mg/10 mg"
809,"dicetel 100 mg"
810,"Diclac retard"
811,"Diclofenac Duo PharmaSwiss 75 mg"
812,"Diclovit"
813,"Dicuno 50 mg"
814,"DICYNONE 250"
815,"DICYNONE 500 kapsuly"
816,"Differine krm"
817,"DIFLUCAN 150 mg"
818,"DIFLUCAN P.O.S. 10 mg/ml"
819,"DIFLUCAN P.O.S. 40 mg/ml"
820,"Digoxin 0,125 Liva"
821,"Digoxin 0,250 Liva"
822,"DILUMED"
823,"Diluran"
824,"Dimethyl fumarate Neuraxpharm 120 mg"
825,"Dimethyl fumarate Neuraxpharm 240 mg"
826,"DIOMPRAZ 75 mg/20 mg"
827,"Diphereline 0,1 mg"
828,"Diphereline S.R. 11,25 mg"
829,"Diphereline S.R. 3,75 mg"
830,"Dipperam HCT 10 mg/160 mg/12,5 mg"
831,"Dipperam HCT 10 mg/160 mg/25 mg"
832,"Dipperam HCT 5 mg/160 mg/12,5 mg"
833,"Dipperam HCT 5 mg/160 mg/25 mg"
834,"Dironorm tablety"
835,"DIROTON 10 mg"
836,"DIROTON 20 mg"
837,"DIROTON 5 mg"
838,"Diroton plus H 10 mg/12,5 mg"
839,"Diroton plus H 20 mg"
840,"DISULONE 100 au protoxalate de fer"
841,"DITHIADEN"
842,"DITHIADEN INJ"
843,"Docetaxel Accord 20 mg/1 ml"
844,"Docetaxel Accord 80 mg/4 ml"
845,"Docetaxel Ebewe 10 mg/ ml"
846,"DOCETAXEL KABI 20 mg/1 ml"
847,"DOCETAXEL KABI 80 mg/4 ml"
848,"Donepezil Accord 10 mg"
849,"Donepezil Accord 5 mg"
850,"Donepezil Mylan 10 mg"
851,"Donepezil Mylan 5 mg"
852,"Donesyn 10 mg"
853,"Donesyn 5 mg"
854,"Dopegyt"
855,"Doptelet 20 mg"
856,"Doreta 37,5 mg/325 mg"
857,"Doreta 75 mg/650 mg"
858,"Doreta SR 75 mg/650 mg"
859,"Dorzolamid Olikla 20 mg/ml"
860,"Dorzolamid/timolol Olikla 20 mg/ml"
861,"DOTAREM 0,5 mmol/ml"
862,"Dovato 50 mg/300 mg"
863,"Doxorubicin  ""Ebewe"" 2 mg/ml"
864,"Doxorubicin medac 2 mg/ml"
865,"Doxyhexal 200 Tabs"
866,"Doxyhexal Tabs"
867,"Dozotens 20 mg/ml"
868,"Duac Gel"
869,"Duaklir Genuair 340 mikrogramov/12 mikrogramov"
870,"Dulasolan 60 mg"
871,"Duloxetin Sandoz 30 mg"
872,"Duloxetin Sandoz 60 mg"
873,"Duloxetin Stada 60 mg"
874,"Duloxetine Zentiva 60 mg"
875,"Dulsevia 30 mg"
876,"Dulsevia 60 mg"
877,"Dulxetenon 30 mg"
878,"Dulxetenon 60 mg"
879,"Duodopa intestinlny gl"
880,"DuoTrav 40 mikrogramov/ml"
881,"Duoxona 10 mg/5 mg"
882,"Duoxona 20 mg/10 mg"
883,"Duoxona 40 mg/20 mg"
884,"Duoxona 5 mg/2,5 mg"
885,"DUPHALAC"
886,"duphaston"
887,"Dupixent 200 mg"
888,"Dupixent 300 mg"
889,"duspatalin 200"
890,"Dutalan 0,5 mg"
891,"DUTAMED 0,5 mg"
892,"Dutamon"
893,"Dutasteride/Tamsulosin Glenmark 0,5 mg/0,4 mg"
894,"Dutasteride/Tamsulosin Krka 0,5 mg/0,4 mg"
895,"Dutrys 0,5 mg"
896,"Dymista nosov aerodisperzia"
897,"Dysport 500 U"
898,"Ebixa 10 mg"
899,"Ebixa 20 mg"
900,"EBRANTIL 30"
901,"EBRANTIL 60"
902,"Ecansya 500 mg"
903,"Ecobec 100 g"
904,"Ecobec 250 g"
905,"Ecobec 250 g"
906,"EDURANT 25 mg"
907,"Effentora 100 mikrogramov"
908,"Effentora 200 mikrogramov"
909,"EFFLUMIDEX Liquifilm"
910,"Efient 10 mg"
911,"EFUDIX"
912,"Egilok 100 mg"
913,"Egilok 50 mg"
914,"Egiramlon 10 mg/10 mg"
915,"Egiramlon 10 mg/5 mg"
916,"Egiramlon 5 mg/10 mg"
917,"Egiramlon 5 mg/5 mg"
918,"Egistrozol"
919,"Elaprase 2 mg/ml"
920,"Eleveon 25 mg"
921,"Eleveon 50 mg"
922,"Elicea 10 mg"
923,"Elicea Q-Tab 10 mg"
924,"Elidel 10 mg/g"
925,"Eligard 22,5 mg"
926,"Eligard 45 mg"
927,"Eligard 7,5 mg"
928,"Eliquis 2,5 mg"
929,"Eliquis 5 mg"
930,"ELOCOM krm"
931,"ELOCOM mas"
932,"ELOCTA 1000 IU"
933,"ELOCTA 1500 IU"
934,"ELOCTA 2000 IU"
935,"ELOCTA 250 IU"
936,"ELOCTA 3000 IU"
937,"ELOCTA 500 IU"
938,"Elontril 150 mg"
939,"Elontril 300 mg"
940,"EMADINE 0,5 mg/ml"
941,"Emanera 20 mg"
942,"Emanera 40 mg"
943,"Emegar 1 mg"
944,"Emegar 2 mg"
945,"EMEND 125 mg"
946,"Emgality 120 mg"
947,"Emperin 16 mg"
948,"Emperin 24 mg"
949,"Emselex"
950,"Emtricitabine/Tenofovir disoproxil Krka 200 mg/245 mg"
951,"Emtricitabine/Tenofovir disoproxil Mylan 200 mg/245 mg"
952,"Enalapril Vitabalans 10 mg"
953,"Enalapril Vitabalans 20 mg"
954,"Enalapril Vitabalans 5 mg"
955,"Enbrel 10 mg"
956,"Enbrel 25 mg"
957,"Enbrel 50 mg"
958,"Endovelle 2 mg"
959,"Endoxan 1000 mg"
960,"Endoxan 200 mg"
961,"Endoxan 500 mg"
962,"ENELBIN 100 retard"
963,"Enerzair Breezhaler 114 mikrogramov/46 mikrogramov/136 mikrogramov"
964,"ENGERIX-B 10 g"
965,"ENGERIX-B 20 g"
966,"Enstilar 50 mikrogramov/g"
967,"Entecavir Xantis 0,5 mg"
968,"Entecavir Xantis 1 mg"
969,"Entocort 2 mg"
970,"Entocort 3 mg"
971,"Entresto 24 mg/26 mg"
972,"Entresto 49 mg/51 mg"
973,"Entresto 97 mg/103 mg"
974,"Entyvio 108 mg"
975,"Entyvio 300 mg"
976,"Epclusa 400 mg/100 mg"
977,"Epiduo"
978,"Epilan D - Gerot"
979,"Epiletam 1000 mg"
980,"Epiletam 250 mg"
981,"Epiletam 500 mg"
982,"Epimedac 2 mg/ml"
983,"EpiPen"
984,"EpiPen Jr."
985,"Epirubicin Accord 2 mg/ml"
986,"Epirubicin Mylan 2 mg/ ml"
987,"Epivir 150 mg"
988,"EPLERAD 25 mg"
989,"EPLERAD 50 mg"
990,"Eplerenon Mylan 25 mg"
991,"Eplerenon Mylan 50 mg"
992,"Eplerenon Sandoz 25 mg"
993,"Eplerenon Sandoz 50 mg"
994,"Eplerenon STADA 25 mg"
995,"Eplerenon STADA 50 mg"
996,"Eplerenone Teva 25 mg"
997,"Eplerenone Teva 50 mg"
998,"EQUORAL"
999,"EQUORAL 100 mg"
1000,"EQUORAL 25 mg"
1001,"EQUORAL 50 mg"
1002,"Erbitux 5 mg/ml"
1003,"Erelzi 25 mg"
1004,"Erelzi 50 mg"
1005,"EREVIT 300"
1006,"Erivedge 150 mg"
1007,"Erleada 60 mg"
1008,"Erlotinib Mylan 150 mg"
1009,"Erlotinib Sandoz 100 mg"
1010,"Erlotinib Sandoz 150 mg"
1011,"Erlotinib STADA 100 mg"
1012,"Erlotinib STADA 150 mg"
1013,"Erlotinib Teva B.V. 100 mg"
1014,"Erlotinib Teva B.V. 150 mg"
1015,"Erlotinib Vipharm 100 mg"
1016,"Erlotinib Vipharm 150 mg"
1017,"Erlotinib Zentiva 100 mg"
1018,"Erlotinib Zentiva 150 mg"
1019,"Erolin"
1020,"ERYFLUID"
1021,"Escitalopram Accord 10 mg"
1022,"Escitalopram FARMAX 10 mg"
1023,"Escitalopram Mylan 10 mg"
1024,"Escitalopram Teva 10 mg"
1025,"Escitil 10 mg"
1026,"Escitil 15 mg"
1027,"Escitil 20 mg"
1028,"Eslibon 800 mg"
1029,"Esogno 1 mg"
1030,"Esogno 3 mg"
1031,"Esoprex 10 mg"
1032,"Esperoct 1000 IU"
1033,"Esperoct 1500 IU"
1034,"Esperoct 500 IU"
1035,"ESPRITAL 30"
1036,"ESPRITAL 45"
1037,"ESTRACYT 140 mg"
1038,"Estrofem 1 mg"
1039,"Etoposid ""Ebewe"" 100 mg"
1040,"Etoposid ""Ebewe"" 200 mg"
1041,"Etopozid Accord 20 mg/ml"
1042,"ETRUZIL"
1043,"Eucreas 50 mg/1000 mg"
1044,"Eucreas 50 mg/850 mg"
1045,"EUPHYLLIN CR N 200"
1046,"EUPHYLLIN CR N 300"
1047,"EUPHYLLIN CR N 400"
1048,"Euthyrox 100 mikrogramov"
1049,"Euthyrox 112 mikrogramov"
1050,"Euthyrox 125 mikrogramov"
1051,"Euthyrox 137 mikrogramov"
1052,"Euthyrox 150 mikrogramov"
1053,"Euthyrox 200 mikrogramov"
1054,"Euthyrox 25 mikrogramov"
1055,"Euthyrox 50 mikrogramov"
1056,"Euthyrox 75 mikrogramov"
1057,"Euthyrox 88 mikrogramov"
1058,"Everio 25 mikrogramov/125 mikrogramov/dvka"
1059,"Everio 25 mikrogramov/250 mikrogramov/dvka"
1060,"Everio 25 mikrogramov/50 mikrogramov/dvka"
1061,"Everio Airmaster 50 mikrogramov/100 mikrogramov"
1062,"Everio Airmaster 50 mikrogramov/250 mikrogramov"
1063,"Everio Airmaster 50 mikrogramov/500 mikrogramov"
1064,"Everolimus Krka 10 mg"
1065,"Everolimus Krka 5 mg"
1066,"Everolimus Mylan 5 mg"
1067,"Everolimus Sandoz 10 mg"
1068,"Everolimus Sandoz 5 mg"
1069,"EVEROLIMUS STADA 10 mg"
1070,"EVEROLIMUS STADA 5 mg"
1071,"Everolimus Teva 10 mg"
1072,"Everolimus Teva 5 mg"
1073,"Everolimus Vipharm 10 mg"
1074,"Everolimus Vipharm 5 mg"
1075,"Eviplera 200 mg/25 mg/245 mg"
1076,"Evrenzo 100 mg"
1077,"Evrenzo 150 mg"
1078,"Evrenzo 20 mg"
1079,"Evrenzo 50 mg"
1080,"Evrenzo 70 mg"
1081,"Evrysdi 0,75 mg/ml"
1082,"EXCIPIAL U HYDROLOTIO"
1083,"EXCIPIAL U LIPOLOTIO"
1084,"Exelon 13,3 mg/24 h transdermlna nplas"
1085,"Exelon 4,6 mg/24 h transdermlna nplas"
1086,"Exelon 9,5 mg/24 h transdermlna nplas"
1087,"Exemestan Mylan 25 mg"
1088,"Exemestane Pharmacenter 25 mg"
1089,"Exferana 180 mg"
1090,"Exferana 360 mg"
1091,"EXJADE 180 mg"
1092,"EXJADE 360 mg"
1093,"Eylea 40 mg/ml"
1094,"Ezen 10 mg"
1095,"Ezetimib Mylan 10 mg"
1096,"Ezetimib Stada 10 mg"
1097,"Ezetimib Teva 10 mg"
1098,"Ezetimib/simvastatn Teva B.V. 10 mg/20 mg"
1099,"Ezetimib/simvastatn Teva B.V. 10 mg/40 mg"
1100,"Ezetimibe Glenmark 10 mg"
1101,"Ezetimibe Sandoz 10 mg"
1102,"EZETROL"
1103,"Ezoleta 10 mg"
1104,"Fabrazyme 35 mg"
1105,"FACTOR VII NF Baxalta"
1106,"Famciclovir - Teva 250 mg"
1107,"Famciclovir - Teva 500 mg"
1108,"Fanhdi 100 IU/ml"
1109,"Fanhdi 25 IU/ml"
1110,"Fanhdi 50 IU/ml"
1111,"FARMORUBICIN PFS"
1112,"Faslodex 250 mg"
1113,"Febira 200"
1114,"Febuxostat Sandoz 120 mg"
1115,"Febuxostat Sandoz 80 mg"
1116,"FEIBA 25 U/ml"
1117,"FEIBA 50 U/ml"
1118,"Felodipin-ratiopharm  10 mg"
1119,"Felodipin-ratiopharm  5 mg"
1120,"Femgin 150 mg"
1121,"femoston 1/10"
1122,"femoston 2/10"
1123,"femoston conti"
1124,"FENDRIX"
1125,"Fenistil"
1126,"Fenofibrate Teva 267 mg"
1127,"Fenofix 200"
1128,"Fentanyl ratiopharm 100 g/h"
1129,"Fentanyl ratiopharm 12 g/h"
1130,"Fentanyl ratiopharm 25 g/h"
1131,"Fentanyl ratiopharm 50 g/h"
1132,"Fentanyl ratiopharm 75 g/h"
1133,"Fentanyl Sandoz 100 g/h matrix transdermlna nplas"
1134,"Fentanyl Sandoz 25 g/h matrix transdermlna nplas"
1135,"Fentanyl Sandoz 50 g/h matrix transdermlna nplas"
1136,"Fentanyl Sandoz 75 g/h matrix transdermlna nplas"
1137,"Ferinject"
1138,"Ferretab comp."
1139,"Fevarin 100"
1140,"Fevarin 50"
1141,"Fexofenadin Generics 120 mg"
1142,"Fexofenadin Generics 180 mg"
1143,"Fiasp 100 jednotiek/ml"
1144,"FIMODIGO 0,5 mg"
1145,"FINAMED"
1146,"Finanorm 5 mg"
1147,"Finasteride Accord 5 mg"
1148,"Fingolimod Glenmark 0,5 mg"
1149,"Fingolimod Mylan 0,5 mg"
1150,"Fingolimod STADA 0,5 mg"
1151,"Fingolimod Zentiva 0,5 mg"
1152,"Finpros 5 mg"
1153,"Firazyr 30 mg"
1154,"FIRDAPSE 10 mg"
1155,"FIRMAGON 120 mg"
1156,"FIRMAGON 80 mg"
1157,"FIXIT 120"
1158,"FIXIT 180"
1159,"Flamexin 20 mg"
1160,"Flebogamma DIF 50 mg/ml"
1161,"Flector EP Rapid 50 mg"
1162,"FLEKAINID SANDOZ 100 mg"
1163,"FLEKAINID SANDOZ 50 mg"
1164,"Flexbumin 200 g/ l"
1165,"Flixonase Aqueous Nasal Spray"
1166,"Flixonase Nasal Drops"
1167,"Flixotide 125 Inhaler N"
1168,"Flixotide 250 Inhaler N"
1169,"Flixotide 50 Inhaler N"
1170,"Flixotide Diskus 100 g"
1171,"Flixotide Diskus 250 g"
1172,"Flixotide Diskus 500 g"
1173,"FLONIDAN 10 mg"
1174,"FLONIDAN SOLUTAB 10 mg"
1175,"Fluanxol Depot 20 mg"
1176,"Fluco Sandoz 100 mg"
1177,"Fluco Sandoz 150 mg"
1178,"Fluco Sandoz 50 mg"
1179,"Fluconazole Vitabalans 150 mg"
1180,"Fludara oral"
1181,"Fludarabin Ebewe 25 mg/ ml"
1182,"Fluenz Tetra nosov suspenzn aerodisperzia"
1183,"Flugalin 50 mg"
1184,"Flumazenil Pharmaselect 0,1 mg/ ml"
1185,"Fluomizin 10 mg"
1186,"Fluorouracil Accord 50 mg/ml"
1187,"Fluoxetine Vitabalans 20 mg"
1188,"Flutiform 125 mikrogramov/5 mikrogramov"
1189,"Flutiform 250 mikrogramov/10 mikrogramov"
1190,"Fokusin"
1191,"FOLINAR 10 mg"
1192,"FORMANO"
1193,"Formoterol Easyhaler"
1194,"Formoterol-ratiopharm 12 g"
1195,"Formovent 12 g"
1196,"Fortrans"
1197,"Forxiga 10 mg"
1198,"Fosinopril-Teva 20 mg"
1199,"Fosrenol 500 mg"
1200,"Fosrenol 750 mg"
1201,"Foster"
1202,"Foster 200/6 mikrogramov/dvka"
1203,"Foster Nexthaler"
1204,"Foster Nexthaler 200/6 mikrogramov/dvka"
1205,"FOSTIMON HP 75 IU"
1206,"FRAGMIN 10000 IU"
1207,"FRAGMIN 12500 IU"
1208,"FRAGMIN 15000 IU"
1209,"FRAGMIN 18000 IU"
1210,"FRAGMIN 2500 IU"
1211,"FRAGMIN 5000 IU"
1212,"FRAGMIN 7500 IU"
1213,"FRAMYKOIN"
1214,"Fraxiparine 2 850 IU"
1215,"Fraxiparine 3 800 IU"
1216,"Fraxiparine 5 700 IU"
1217,"Fraxiparine 7 600 IU"
1218,"Fraxiparine 9 500 IU"
1219,"Fraxiparine Forte 11 400 IU"
1220,"Fraxiparine Forte 15 200 IU"
1221,"Fraxiparine Forte 19 000 IU"
1222,"FROMILID 250"
1223,"FROMILID 500"
1224,"Fromilid uno"
1225,"Frontin 0,25 mg"
1226,"Frontin 0,5 mg"
1227,"Frontin 1 mg"
1228,"Frovamen"
1229,"FUCICORT"
1230,"Fucidin H"
1231,"Fucidin krm"
1232,"Fucidin mas"
1233,"FULLHALE 25 mikrogramov/125 mikrogramov/dvka"
1234,"FULLHALE 25 mikrogramov/250 mikrogramov/dvka"
1235,"Fulphila 6 mg"
1236,"Fulvestrant Accord 250 mg"
1237,"Fulvestrant EVER Pharma 250 mg"
1238,"Fulvestrant Fresenius Kabi 250 mg"
1239,"Fulvestrant Mylan 250 mg"
1240,"Fulvestrant Sandoz 250 mg"
1241,"Fulvestrant STADA 250 mg"
1242,"Fulvestrant Teva 250 mg"
1243,"Fulvestrant Vipharm 250 mg"
1244,"Fungicidin Liva"
1245,"Fungolon 100 mg"
1246,"Fungolon 50 mg"
1247,"FURON 40 mg"
1248,"FURORESE 250"
1249,"Furosemid Xantis 40 mg"
1250,"Furosemid-Slovakofarma"
1251,"Furosemid-Slovakofarma forte"
1252,"Fycompa 0,5 mg/ml"
1253,"Fycompa 2 mg"
1254,"Fycompa 4 mg"
1255,"Fycompa 6 mg"
1256,"Fycompa 8 mg"
1257,"Gabagamma 300"
1258,"Gabagamma 400"
1259,"Gabagamma 600 filmom obalen tablety"
1260,"Gabagamma 800 filmom obalen tablety"
1261,"Gabapentin Glenmark 100 mg"
1262,"Gabapentin Glenmark 300 mg"
1263,"Gabapentin Glenmark 400 mg"
1,"Abaktal 400 mg"
2,"ABASAGLAR 100 jednotiek/ml"
3,"Abevmy 25 mg/ml"
4,"Abilify Maintena 400 mg"
5,"Abiratern Krka 500 mg"
6,"Abiratern Sandoz 1000 mg"
7,"Abiratern Sandoz 500 mg"
8,"Abiratern STADA 500 mg"
9,"Abiraterone Accord 500 mg"
10,"Abiraterone G.L. Pharma 500 mg"
11,"Abiraterone Glenmark 500 mg"
12,"Abiraterone Heaton 500 mg"
13,"Abiraterone Mylan 500 mg"
14,"Abiraterone Zentiva"
15,"Abraxane 5 mg/ml"
16,"Abuxar 80 mg"
17,"Acamprosat Mylan 333 mg"
18,"ACARIZAX 12 SQ-HDM"
19,"ACC injekt"
20,"ACCEL 10 mg"
21,"ACCEL 5 mg"
22,"Accofil 48 MU/0,5 ml"
23,"ACCUPRO 5"
24,"ACCUZIDE 10"
25,"ACCUZIDE 20"
26,"Aceclofenac Accord 100 mg"
27,"Acidum folicum Liva"
28,"Aclasta 5 mg"
29,"Aclexa 100 mg"
30,"Aclexa 200 mg"
31,"Acnatac 10 mg/g+0,25 mg/g"
32,"ACTAIR 100 IR sublingvlne tablety"
33,"ACTAIR 300 IR sublingvlne tablety"
34,"Actelsar HCT 80 mg/12,5 mg"
35,"Actelsar HCT 80 mg/25 mg"
36,"Activelle"
37,"Actrapid Penfill 100 IU/ ml"
38,"ADADUT 0,5 mg"
39,"Adamon SR 100 mg"
40,"Adamon SR 50 mg"
41,"ADARTREL 0,25 mg"
42,"ADARTREL 0,50 mg"
43,"ADATAM 0,5 mg/0,4 mg"
44,"ADAXIB 100 mg"
45,"ADAXIB 200 mg"
46,"ADCETRIS 50 mg"
47,"Adempas 1 mg"
48,"Adempas 1,5 mg"
49,"Adempas 2 mg"
50,"Adempas 2,5 mg"
51,"Adenuric 80 mg"
52,"Adepend 50 mg"
53,"Adezop 10 mg"
54,"Adolax 10 mg/5 mg"
55,"Adolax 20 mg/10 mg"
56,"Adolax 40 mg/20 mg"
57,"Adrenalin Bradex 1 mg/ml"
58,"Adrenalin Liva"
59,"Advagraf 0,5 mg"
60,"Advagraf 1 mg"
61,"Advagraf 3 mg"
62,"Advagraf 5 mg"
63,"Advantan krm"
64,"ADVATE 1000 IU"
65,"ADVATE 1500 IU"
66,"ADVATE 2000 IU"
67,"ADVATE 250 IU"
68,"ADVATE 3000 IU"
69,"ADVATE 500 IU"
70,"ADYNOVI 1 000 IU/2 ml"
71,"ADYNOVI 2 000 IU/5 ml"
72,"ADYNOVI 500 IU/2 ml"
73,"Aerius 0,5 mg/ml"
74,"Aerius 5 mg"
75,"Afinitor 10 mg"
76,"Afinitor 5 mg"
77,"Aflamil 100 mg"
78,"AFLODERM"
79,"AFLUDITEN 25 mg/ml"
80,"AFONILUM SR 125"
81,"AFONILUM SR 250"
82,"AFSTYLA 1000 IU"
83,"AFSTYLA 2000 IU"
84,"AFSTYLA 250 IU"
85,"AFSTYLA 3000 IU"
86,"AFSTYLA 500 IU"
87,"Agen 10"
88,"Agen 5"
89,"Aglandin 0,5 mg/0,4 mg"
90,"AGNIS 50 mg"
91,"AGOLUTIN"
92,"Agomelatn Stada"
93,"Agomelatn Teva"
94,"Agomelatine G.L. Pharma"
95,"Agomelatine Glenmark 25 mg"
96,"Agomelatine Mylan 25 mg"
97,"Aimovig"
98,"Airflusal Forspiro 50 mikrogramov/250 mikrogramov"
99,"Airflusal Forspiro 50 mikrogramov/500 mikrogramov"
100,"AJOVY 225 mg"
101,"Akineton"
102,"Akistan  50 mikrogramov/ml"
103,"Aknemycin 2000"
104,"Aknemycin Plus"
105,"Aknenormin 10"
106,"Aknenormin 20"
107,"AKTIPROL 200 mg"
108,"AKTIPROL 400 mg"
109,"Akynzeo 300 mg/0,5 mg"
110,"Aladez"
111,"Albutein 50 g/l"
112,"Albutein 50 g/l infzny roztok"
113,"ALDARA 5 % krm"
114,"Aldepla 25 mg"
115,"Aldepla 50 mg"
116,"Aldurazyme"
117,"Alecensa 150 mg"
118,"Alergimed"
119,"Alerid"
120,"Aletro 2,5 mg"
121,"Alfakalcidol SANDOZ 1 g"
122,"ALFAMED 1,0 mikrogram"
123,"Alfuzosin Mylan 10 mg"
124,"Alfuzosin Sandoz 10 mg"
125,"Algogesic 100 g/ h transdermlna nplas"
126,"Algogesic 25 g/ h transdermlna nplas"
127,"Algogesic 50 g/ h transdermlna nplas"
128,"Alkapidan 0,5 mg/0,4 mg"
129,"Allergodil"
130,"Allergodil on instilcia"
131,"ALMIRAL"
132,"Alofisel 5 milinov buniek/ ml"
133,"Alopurinol Sandoz 300 mg"
134,"Aloxi 250 mikrogramov"
135,"Aloxi 500 mikrogramov"
136,"ALPHA D3 1 g"
137,"Alpicort 2 mg/ml"
138,"Alpicort F 0,05 mg/ml"
139,"ALPROLIX 1000 IU"
140,"ALPROLIX 2000 IU"
141,"ALPROLIX 250 IU"
142,"ALPROLIX 3000 IU"
143,"ALPROLIX 500 IU"
144,"ALPROSTAN"
145,"ALPROSTAPINT 20 g/ ml"
146,"Alutard SQ"
147,"Alventa 150 mg"
148,"Alventa 37,5 mg"
149,"Alventa 75 mg"
150,"Alvesco 160 Inhaltor"
151,"Alymsys 25 mg/ml"
152,"ALYOSTAL PRICK"
153,"Amarhyton 100 mg"
154,"Amarhyton 50 mg"
155,"Ambrisentan AOP 5 mg"
156,"Ambrisentan Zentiva 5 mg"
157,"AMGEVITA 40 mg"
158,"AMICLOTON"
159,"Amiokordin 200 mg"
160,"AMIRAP 10 mg/10 mg"
161,"AMIRAP 10 mg/5 mg"
162,"AMIRAP 5 mg/10 mg"
163,"AMIRAP 5 mg/5 mg"
164,"Amisulprid Generics 200 mg"
165,"AMITRIPTYLIN-SLOVAKOFARMA"
166,"Amlator 10 mg/10 mg"
167,"Amlator 10 mg/5 mg"
168,"Amlator 20 mg/10 mg"
169,"Amlator 20 mg/5 mg"
170,"Amlessa 4 mg/10 mg"
171,"Amlessa 4 mg/5 mg"
172,"Amlessa 8 mg/10 mg"
173,"Amlessa 8 mg/5 mg"
174,"Amlodipin ratiopharm 10 mg"
175,"Amlodipin ratiopharm 5 mg"
176,"Amlodipin Vitabalans 10 mg"
177,"Amlodipin Vitabalans 5 mg"
178,"Amlodipn/Valsartan Sandoz 10 mg/160 mg"
179,"Amlodipn/Valsartan Sandoz 5 mg/160 mg"
180,"Amlodipn/Valsartan Sandoz 5 mg/80 mg"
181,"AMLOPIN S 10 mg"
182,"AMLOPIN S 5 mg"
183,"Amoksiklav 1000 mg"
184,"Amoksiklav 156,25 mg/5 ml"
185,"Amoksiklav 2x1000 mg"
186,"Amoksiklav 2x457 mg/5 ml"
187,"Amoksiklav 312,5 mg/5 ml"
188,"Amoksiklav 625 mg"
189,"ANAFRANIL 25"
190,"ANAFRANIL SR 75"
191,"Anagrelid AOP 0,5 mg"
192,"Anagrelide Glenmark 0,5 mg"
193,"Anagrelide Vipharm 0,5 mg"
194,"ANAMED 0,5 mg"
195,"Anaprex 1 mg"
196,"ANARGIL 100 mg"
197,"ANARGIL 200 mg"
198,"Anastrozol Ebewe 1 mg"
199,"Anastrozole Pharmacenter"
200,"Anastrozol-ratiopharm 1 mg"
201,"Anau 100 mg"
202,"Androcur"
203,"Androcur Depot"
204,"Androfin 5 mg"
205,"ANGITRIM"
206,"ANOPYRIN 100 mg"
207,"Anoro 55 mikrogramov/22 mikrogramov"
208,"ANTALERG 0,05 %"
209,"Apaurin"
210,"APEL 600 mg"
211,"Apidra 100 jednotiek/ml"
212,"Apidra SoloStar 100 jednotiek/ml"
213,"Aprepitant Stada 80 mg"
214,"AQUA PRO INJECTIONE IMUNA"
215,"Aranesp"
216,"Aricogan 10 mg"
217,"Aricogan 15 mg"
218,"Aripiprazol Mylan 10 mg"
219,"Aripiprazol Mylan 15 mg"
220,"Aripiprazol Sandoz 10 mg"
221,"Aripiprazol Sandoz 15 mg"
222,"Aripiprazol STADA 10 mg"
223,"Aripiprazol STADA 15 mg"
224,"Aripiprazol Teva 10 mg"
225,"Aripiprazol Teva 15 mg"
226,"Aripiprazole Neuraxpharm 10 mg"
227,"Aripiprazole Neuraxpharm 15 mg"
228,"Aripiprazole Sandoz 10 mg"
229,"Aripiprazole Sandoz 15 mg"
230,"Aripiprazole Zentiva 10 mg"
231,"Aripiprazole Zentiva 15 mg"
232,"Arisppa 10 mg"
233,"Arisppa 15 mg"
234,"Arixtra 2,5 mg/0,5 ml"
235,"ARKETIS 20 mg"
236,"ARKETIS 30 mg"
237,"Arkvimma 100 mg"
238,"Arkvimma 150 mg"
239,"Arkvimma 200 mg"
240,"Arkvimma 50 mg"
241,"AROMASIN"
242,"AROPILOS 2 mg"
243,"AROPILOS 4 mg"
244,"AROPILOS 8 mg"
245,"ARTHROTEC FORTE"
246,"Arulatan"
247,"Arusol 10 mg"
248,"Arusol 5 mg"
249,"Asduter 10 mg"
250,"Asduter 15 mg"
251,"ASKETON 50 mg"
252,"ASMANEX 400 g"
253,"Asolfena 10 mg"
254,"Asolfena 5 mg"
255,"ASPENDOS 100 mg"
256,"ASPIRIN PROTECT 100"
257,"Assubex 10 mg"
258,"Assubex 15 mg"
259,"Assubex 20 mg"
260,"Astexana 25 mg"
261,"Asthmex 50 mikrogramov/100 mikrogramov"
262,"Asthmex 50 mikrogramov/250 mikrogramov"
263,"Asthmex 50 mikrogramov/500 mikrogramov"
264,"ASTMASAN 10 mg"
265,"Atacand 16 mg"
266,"Atacand 32 mg"
267,"Atacand 8 mg"
268,"Atacand Plus 16/12,5 mg"
269,"Atacand Plus 32 mg/25 mg"
270,"ATARAX"
271,"Atectura Breezhaler 125 mikrogramov/127,5 mikrogramov"
272,"Atectura Breezhaler 125 mikrogramov/260 mikrogramov"
273,"Atenobene 100 mg"
274,"Atenobene 50 mg"
275,"Atimos 12 g"
276,"Atofab 10 mg"
277,"Atofab 18 mg"
278,"Atofab 25 mg"
279,"Atofab 40 mg"
280,"Atofab 60 mg"
281,"Atominex 10 mg"
282,"Atominex 18 mg"
283,"Atominex 25 mg"
284,"Atominex 40 mg"
285,"Atominex 60 mg"
286,"Atomoxetine Actavis 10 mg"
287,"Atomoxetine Actavis 18 mg"
288,"Atomoxetine Actavis 25 mg"
289,"Atomoxetine Actavis 40 mg"
290,"Atomoxetine Actavis 60 mg"
291,"Atomoxetine Sandoz 10 mg"
292,"Atomoxetine Sandoz 18 mg"
293,"Atomoxetine Sandoz 25 mg"
294,"Atomoxetine Sandoz 40 mg"
295,"Atomoxetine Sandoz 60 mg"
296,"Atoridor 80 mg"
297,"Atoris 10"
298,"Atoris 20"
299,"Atoris 30"
300,"Atoris 40"
301,"Atoris 60"
302,"Atorvastatin Actavis 10 mg"
303,"Atorvastatin Actavis 20 mg"
304,"Atorvastatin Actavis 40 mg"
305,"Atorvastatin Mylan 20 mg"
306,"Atorvastatin Mylan 40 mg"
307,"Atorvastatin STADA 10 mg"
308,"Atorvastatin STADA 20 mg"
309,"Atorvastatin STADA 40 mg"
310,"Atorvastatin STADA 80 mg"
311,"Atorvastatin Teva Pharma 10 mg"
312,"Atorvastatin Teva Pharma 20 mg"
313,"Atorvastatin Teva Pharma 40 mg"
314,"Atorvastatin Teva Pharma 80 mg"
315,"Atorvastatn/Ezetimib Teva 20 mg/10 mg"
316,"Atorvastatn/Ezetimib Teva 40 mg/10 mg"
317,"Atorvastatn/Ezetimib Teva 80 mg/10 mg"
318,"ATOZET 10 mg/20 mg"
319,"ATOZET 10 mg/40 mg"
320,"ATROVENT N 20 g"
321,"Atucare 0,5 mg/0,4 mg"
322,"AUBAGIO 14 mg"
323,"Augmentin 1 g"
324,"Augmentin 375 mg"
325,"Augmentin 625 mg"
326,"Augmentin DUO s prchuou mieanho ovocia"
327,"AULIN 100 mg"
328,"Aurorix 300 mg"
329,"AVAMYS 27,5 mikrogramov/vstrek"
330,"Avastin 25 mg/ml"
331,"Avodart 0,5 mg"
332,"AVONEX 30 mikrogramov/0,5 ml"
333,"AXETINE 250 mg"
334,"AXETINE 500 mg"
335,"Azacitidine Accord 25 mg/ml"
336,"Azacitidine betapharm 25 mg/ml"
337,"Azacitidine Glenmark 25 mg/ml"
338,"Azacitidine Sandoz 25 mg/ml"
339,"Azacitidine STADA Arzneimittel 25 mg/ml"
340,"AZARGA 10 mg/ml"
341,"Azibiot"
342,"AZILECT 1 mg"
343,"Azithromycin Actavis 500 mg"
344,"Azithromycin Sandoz 200 mg/5 ml"
345,"Azithromycin Sandoz 250 mg"
346,"Azithromycin Sandoz 500 mg"
347,"Azitromycin Mylan 500 mg"
348,"Azitrox 250"
349,"Azitrox 500"
350,"Azoneurax 75 mg"
351,"AZOPT 10 mg/ml"
352,"Bactroban"
353,"Balcoga 20 mg"
354,"Balneum Hermal"
355,"Balneum Hermal F"
356,"Balneum Hermal Plus"
357,"Baneocin"
358,"Baqsimi 3 mg"
359,"Baraclude"
360,"Baraclude 0,5 mg"
361,"Bavencio 20 mg/ml"
362,"BCG-medac"
363,"BECLOMET EASYHALER 200 mcg"
364,"BECLOMET NASAL AQUA 100 g"
365,"Belakne gl"
366,"Belakne krm"
367,"BELODERM"
368,"Beloderm lotion"
369,"BELODUT"
370,"BELOGENT"
371,"Belokast 10 mg"
372,"Belokast 5 mg"
373,"BELORETIN 10 mg"
374,"BELORETIN 20 mg"
375,"BELOSALIC"
376,"Bemfola 150 IU/0,25 ml"
377,"Bemfola 225 IU/0,375 ml"
378,"Bemfola 300 IU/0,50 ml"
379,"Bemfola 75 IU/0,125 ml"
380,"Bendamustine Glenmark 2,5 mg/ml"
381,"Bendamustine Kabi 2,5 mg/ml"
382,"BENEMICIN 150 mg"
383,"BENEMICIN 300 mg"
384,"Benepali 50 mg"
385,"Benlysta 120 mg"
386,"Benlysta 200 mg"
387,"Benlysta 400 mg"
388,"BENOXI 0,4 %"
389,"Beovu 120 mg/ml"
390,"Beriate 500 IU"
391,"Berinert 500 IU"
392,"Beriplex 500 IU"
393,"BERODUAL N"
394,"BESPONSA 1 mg"
395,"BETAC"
396,"BETADINE"
397,"Betaferon 250 mikrogramov/ml"
398,"Betahistin Actavis 16 mg"
399,"Betahistin Actavis 24 mg"
400,"Betahistin Actavis 8 mg"
401,"Betahistin Mylan 24 mg"
402,"Betaklav 500 mg/125 mg"
403,"Betaklav 875 mg/125 mg"
404,"BETALMIC 0,5%"
405,"Betaloc ZOK 100 mg"
406,"Betaloc ZOK 25 mg"
407,"Betaloc ZOK 50 mg"
408,"BETAMAKS 200 mg"
409,"BETAMAKS 50 mg"
410,"Betaxolol Medreg"
411,"Betmiga 50 mg"
412,"BETOPTIC"
413,"BETOPTIC S"
414,"Bewim 10 mg"
415,"Bicacel 150 mg"
416,"Bicagelan 150 mg"
417,"Bicalutamide Pharmevid 150 mg"
418,"Bicalutamid-Teva 150 mg"
419,"Bigital 10 mg/5 mg"
420,"Bigital 5 mg/10 mg"
421,"Bigital 5 mg/5 mg"
422,"Biktarvy 50 mg/200 mg/25 mg"
423,"Bilamcar 16 mg/10 mg"
424,"Bilamcar 16 mg/5 mg"
425,"Bilamcar 8 mg/5 mg"
426,"Bimaroz 0,3 mg/ml"
427,"Bimatoprost Olikla 0,3 mg/ml"
428,"Bimatoprost/timolol Olikla 0,3 mg/ml"
429,"Binabic 150 mg"
430,"Binocrit 10 000 IU/1 ml"
431,"Binocrit 2 000 IU/1 ml"
432,"Binocrit 3 000 IU/0,3 ml"
433,"Binocrit 30 000 IU/0,75 ml"
434,"Binocrit 4 000 IU/0,4 ml"
435,"Binocrit 40 000 IU/1 ml"
436,"Binocrit 5 000 IU/0,5 ml"
437,"Biomin H"
438,"Biopoin 10 000 IU/1 ml"
439,"Biopoin 20 000 IU/1 ml"
440,"Biopoin 30 000 IU/1 ml"
441,"BISEPTOL 120"
442,"BISEPTOL 480"
443,"BISOBELA 5 mg"
444,"Bisocard 10 mg"
445,"Bisocard 5 mg"
446,"Bisomerck 10"
447,"Bisomerck 5"
448,"Bisomyl Combi 2,5 mg/6,25 mg"
449,"Bisomyl Combi 5 mg/6,25 mg"
450,"Bisoprolol Medreg"
451,"Bisoprolol Vitabalans 10 mg"
452,"Bisoprolol Vitabalans 5 mg"
453,"Bisoprolol-ratiopharm 10 mg"
454,"Bisoprolol-ratiopharm 5 mg"
455,"BISTON"
456,"BITAMMON"
457,"BITAMMON 375"
458,"Bixebra 5 mg"
459,"Bixebra 7,5 mg"
460,"Blemaren N"
461,"BLINCYTO 38,5 mikrogramov"
462,"Blitzima 100 mg"
463,"Bloonis 10 mg"
464,"Bloonis 20 mg"
465,"Bloonis 5 mg"
466,"Bonaxon"
467,"Bonviva 150 mg"
468,"Bonviva 3 mg"
469,"Boostrix"
470,"Boostrix Polio"
471,"Bortega 3,5 mg"
472,"Bortezomib Accord 2,5 mg/ml"
473,"Bortezomib Accord 3,5 mg"
474,"Bortezomib Fresenius Kabi 3,5 mg"
475,"Bortezomib Glenmark 3,5 mg"
476,"Bortezomib Pharmevid 3,5 mg"
477,"Bortezomib STADA"
478,"Bosentan Accord 125 mg"
479,"Bosentan Accord 62,5 mg"
480,"Bosentan Mylan 125 mg"
481,"BOTOX 100 Allergan Units"
482,"Braftovi 50 mg"
483,"Braftovi 75 mg"
484,"Bramitob"
485,"Bretaris Genuair 322 mikrogramov"
486,"Brieka 150 mg"
487,"Brieka 300 mg"
488,"Brieka 75 mg"
489,"Brilique 90 mg"
490,"Brimica Genuair 340 mikrogramov"
491,"BRIMONAL 0,2 %"
492,"Brimonidin Olikla 2 mg/ml"
493,"BRINAVESS 20 mg/ml"
494,"Brintellix 10 mg"
495,"Brinzolamid Olikla 10 mg/ml"
496,"Briviact 10 mg/ml"
497,"Briviact 100 mg"
498,"Briviact 25 mg"
499,"Briviact 50 mg"
500,"Briviact 75 mg"
501,"Brizadopt 10 mg/ml"
502,"BRONCHO-VAXOM pre deti"
503,"BRONCHO-VAXOM pre dospelch"
504,"Brufen 600"
505,"BRUFEN RETARD 800 mg"
506,"BUCCOLAM 10 mg"
507,"BUCCOLAM 2,5 mg"
508,"BUCCOLAM 5 mg"
509,"BUCCOLAM 7,5 mg"
510,"Budelin Novolizer 200 g"
511,"Budenofalk 3 mg"
512,"Budenofalk rektlna pena"
513,"Budiair 0,2 mg"
514,"Bupivacaine Noridem 5 mg/ml"
515,"Bupretec 35 mikrogramov/h"
516,"Bupretec 52,5 mikrogramov/h"
517,"Bupretec 70 mikrogramov/h"
518,"Bupropion Neuraxpharm 150 mg"
519,"Bupropion Neuraxpharm 300 mg"
520,"Buscopan"
521,"Cabest 0,5 mg"
522,"Cablivi 10 mg"
523,"Caelyx 2 mg/ ml"
524,"CALCIFEROL BIOTIKA FORTE"
525,"Calcichew-D3 Citron 1 000 mg/800 IU"
526,"Calcichew-D3 Citron 500 mg/400 IU"
527,"Calcii carbonas Galvex 500 mg"
528,"CALCIUM Biotika"
529,"Calcium folinate Sandoz 10 mg/ml"
530,"Calcium Resonium"
531,"Calmaben"
532,"Calquence 100 mg"
533,"Caltrate 600 mg/400 IU"
534,"Caltrate D3 500 mg/1000 IU"
535,"Calypsol"
536,"CAMPRAL"
537,"Candesartan HCT ratiopharm 16 mg/12,5 mg"
538,"Candesartan HCT Swyssi 16 mg/12,5 mg"
539,"Candesartan HCT Swyssi 8 mg/12,5 mg"
540,"Candesartan ratiopharm 16 mg"
541,"Candesartan ratiopharm 32 mg"
542,"Candesartan ratiopharm 8 mg"
543,"Candesartan Sandoz 16 mg"
544,"Candesartan Sandoz 8 mg"
545,"Candesartan/Hydrochlorotiazid Sandoz 16 mg/12,5 mg"
546,"Candezek 16 mg/10 mg"
547,"Candezek 16 mg/5 mg"
548,"Candezek 8 mg/5 mg"
549,"Canifug-Losung"
550,"Capecitabine Accord 500 mg"
551,"Capecitabine Glenmark 500 mg"
552,"Capecitabine medac 500 mg"
553,"Capecitabine Pharmacenter 500 mg"
554,"Capecitabine Pharmagen 500 mg"
555,"Capecitabine STADA"
556,"Capecitalox 500 mg"
557,"Caprelsa 100 mg"
558,"Caprelsa 300 mg"
559,"Caprodez"
560,"Carbaglu 200 mg"
561,"Carbomedac 10 mg/ ml"
562,"Carboplatin Accord 10 mg/ml"
563,"Carboplatin Kabi 10 mg/ml"
564,"Cardilan"
565,"Cardilopin 10 mg"
566,"Cardilopin 5 mg"
567,"Carsaxa 100 mg"
568,"CARTEOL LP 2 %"
569,"Carvedigamma 12,5 mg"
570,"Carvedigamma 25 mg"
571,"Carvedilol-Teva 12,5 mg"
572,"Carvedilol-Teva 25 mg"
573,"Carvedilol-Teva 6,25 mg"
574,"Carzap 16 mg"
575,"Carzap 32 mg"
576,"Carzap 8 mg"
577,"Carzap HCT 16 mg/12,5 mg"
578,"CEDROX 1000"
579,"CEDROX 250"
580,"CEDROX 500"
581,"CEFIMED 200 mg"
582,"CEFIMED 400 mg"
583,"Cefixm STADA 200 mg"
584,"Cefixm STADA 400 mg"
585,"Cefixime InnFarm 100 mg/5 ml"
586,"Cefixime InnFarm 400 mg"
587,"Ceftriaxon Sandoz 1 g"
588,"Cefzil 250 mg"
589,"Cefzil 250 mg/5 ml"
590,"Cefzil 500 mg"
591,"CELEBREX 200 mg"
592,"Celiprolol Vitabalans 200 mg"
593,"CellCept 250 mg"
594,"CellCept 500 mg"
595,"Cerdelga 84 mg"
596,"Cerebrolysin 10 ml"
597,"Cerebrolysin 5 ml"
598,"Cerezyme 400 U prok na infzny koncentrt"
599,"Certican 0,25 mg"
600,"Certican 0,75 mg"
601,"Cervarix injekn suspenzia v naplnenej injeknej striekake"
602,"Cetirizine Sandoz 10 mg"
603,"Cetirizin-ratiopharm 10 mg"
604,"Cetixin 10 mg"
605,"Cetrotide 0,25 mg"
606,"Cezera 5 mg"
607,"Ciclosporin Mylan 100 mg"
608,"Ciclosporin Mylan 25 mg"
609,"Ciclosporin Mylan 50 mg"
610,"Cilozek 100 mg"
611,"Cimzia 200 mg"
612,"Cinacalcet Accordpharma 30 mg"
613,"Cinacalcet Accordpharma 60 mg"
614,"Cinacalcet Heaton 30 mg"
615,"Cinacalcet Heaton 60 mg"
616,"Cinacalcet Mylan 30 mg"
617,"Cinacalcet Mylan 60 mg"
618,"Cinacalcet Mylan 90 mg"
619,"Cinacalcet Reddy 30 mg"
620,"Cinacalcet Reddy 60 mg"
621,"Cinacalcet Teva 30 mg"
622,"CINIE 100"
623,"CINIE 50"
624,"CINQAERO 10 mg/ml"
625,"CIPHIN 500"
626,"CIPLOX 500"
627,"Ciprinol 250"
628,"Ciprinol 500"
629,"Ciprofloxacn Sandoz 500 mg"
630,"Ciprofloxacin-Teva 500 mg"
631,"CIPROLON 500"
632,"Cisordinol 10 mg"
633,"Cisordinol Depot 200 mg"
634,"CITALEC 10 Zentiva"
635,"CITALEC 20 Zentiva"
636,"Citalopram Vitabalans 20 mg"
637,"Citalopram-Teva 10 mg"
638,"Citalopram-Teva 20 mg"
639,"CLARELUX 500 mikrogramov/g"
640,"Clariscan 0,5 mmol/ml"
641,"Claritine 10 mg"
642,"Clensia"
643,"CLEXANE 10000 IU"
644,"CLEXANE 2000 IU"
645,"CLEXANE 4000 IU"
646,"CLEXANE 6000 IU"
647,"CLEXANE 8000 IU"
648,"CLEXANE FORTE 12000 IU"
649,"CLEXANE FORTE 15000 IU"
650,"CLOBEX"
651,"Clopidogrel Actavis 75 mg"
652,"Clopigamma 75 mg"
653,"Clozapine Accord 100 mg"
654,"Clozapine Accord 25 mg"
655,"Co-Amlessa 2 mg/5 mg/0,625 mg"
656,"Co-Amlessa 4 mg/10 mg/1,25 mg"
657,"Co-Amlessa 4 mg/5 mg/1,25 mg"
658,"Co-Amlessa 8 mg/10 mg/2,5 mg"
659,"Co-Amlessa 8 mg/5 mg/2,5 mg"
660,"COAXIL"
661,"Codein-SLOVAKOFARMA 15 mg"
662,"Codein-SLOVAKOFARMA 30 mg"
663,"Colchicum-Dispert"
664,"Colobreathe 1 662 500 IU"
665,"Coloxet 500 mg"
666,"COMBIGAN"
667,"COMETRIQ 20 mg"
668,"Compound Sodium Lactate Ringer-Lactat"
669,"Comtan 200 mg"
670,"Conaret 10 mg"
671,"Conaret 2,5 mg"
672,"Conaret 5 mg"
673,"Conaret 7,5 mg"
674,"Concerta 18 mg"
675,"Concerta 36 mg"
676,"Concerta 54 mg"
677,"Concor 10"
678,"Concor 5"
679,"Concor Combi 10 mg/5 mg"
680,"Concor Combi 5 mg/10 mg"
681,"Concor Combi 5 mg/5 mg"
682,"Concor COR 10 mg"
683,"Concor COR 2,5 mg"
684,"Concor COR 5 mg"
685,"Contiroxil 10 mg"
686,"Contiroxil 20 mg"
687,"Contiroxil 40 mg"
688,"Contiroxil 80 mg"
689,"CONTROLOC 20 mg"
690,"CONTROLOC 40 mg"
691,"CONVERIDE 300 mg/12,5 mg"
692,"CONVERIDE 300 mg/25 mg"
693,"CONVULEX"
694,"Convulex 300 mg"
695,"Convulex 300 mg/ml"
696,"Convulex 500 mg"
697,"Convulex CR 500 mg"
698,"Copaxone 20 mg/ml"
699,"Copaxone 40 mg/ml"
700,"COPAXONE PEN 40 mg"
701,"Co-Prenessa 2 mg"
702,"Co-Prenessa 4 mg"
703,"Co-Prenessa 8 mg/2,5 mg"
704,"Corbilta 100 mg/25 mg/200 mg"
705,"Corbilta 150 mg/37,5 mg/200 mg"
706,"Corbilta 200 mg/50 mg/200 mg"
707,"Corbilta 50 mg/12,5 mg/200 mg"
708,"Cordarone 150 mg/3 ml"
709,"CORDARONE 200 mg"
710,"Cornusan 10 mg/20 mg"
711,"Cornusan 10 mg/40 mg"
712,"Coronal 10"
713,"Coronal 5"
714,"Cortiment 9 mg"
715,"Corvaton"
716,"Corvaton forte"
717,"Corvaton retard"
718,"Corvitol 50"
719,"Coryol  6,25"
720,"Coryol 12,5"
721,"Coryol 25"
722,"Cosentyx 150 mg"
723,"COSOPT Multi Dose Free 20 mg/ml"
724,"COSTI"
725,"Cotellic 20 mg"
726,"Co-Valsacor 160 mg/12,5 mg"
727,"Co-Valsacor 160 mg/25 mg"
728,"Co-Valsacor 320 mg/12,5 mg"
729,"Co-Valsacor 320 mg/25 mg"
730,"Co-Valsacor 80 mg/12,5 mg"
731,"CRESEMBA 100 mg"
732,"CRYSVITA 10 mg"
733,"CRYSVITA 20 mg"
734,"CRYSVITA 30 mg"
735,"CURACN 40 mg"
736,"Curatoderm"
737,"Curatoderm 4 g/g"
738,"Cuvitru 200 mg/ml"
739,"Cyclolux 0,5 mmol/ml"
740,"Cyclonamine 500 mg"
741,"CYNT 0,2"
742,"CYNT 0,3"
743,"CYNT 0,4"
744,"Cyrdanax 20 mg/ ml"
745,"Cystadrops"
746,"Dacepton 10 mg/ml"
747,"Dailiport 0,5 mg"
748,"Dailiport 1 mg"
749,"Dailiport 3 mg"
750,"Dailiport 5 mg"
751,"DALACIN C 150 mg"
752,"DALACIN C 300 mg"
753,"DALACIN V 2 %"
754,"Dapril 10 mg"
755,"Dapril 20 mg"
756,"Dapril 5 mg"
757,"Darunavir Krka 800 mg"
758,"Darunavir Mylan 800 mg"
759,"DARZALEX 20 mg/ml"
760,"Dasatinib Krka 70 mg"
761,"Dasselta 5 mg"
762,"DAUNOBLASTINA"
763,"Daxas 500 g"
764,"DECAPEPTYL 0,1 mg"
765,"Deferasirox Accord 360 mg"
766,"Deferasirox Glenmark 180 mg"
767,"Deferasirox Glenmark 360 mg"
768,"Deferasirox Mylan 180 mg"
769,"Deferasirox Mylan 360 mg"
770,"Deferasirox Sandoz 180 mg"
1520,"Ipinzan 50 mg/1000 mg"
1521,"Ipinzan 50 mg/850 mg"
1522,"Irbesartan Hydrochlorothiazide Zentiva 300 mg/12,5 mg"
1523,"Irbesartan Hydrochlorothiazide Zentiva 300 mg/25 mg"
1524,"Irbesartan Teva 150 mg"
1525,"Irbesartan Teva 300 mg"
1526,"Irbesartan Zentiva 150 mg"
1527,"Irbesartan Zentiva 300 mg"
1528,"Irbesartan/Hydrochlorothiazid Teva 300 mg/12,5 mg"
1529,"Irbesartan/Hydrochlorothiazid Teva 300 mg/25 mg"
1530,"IRESSA"
1531,"Irinotecan Accord  20 mg/ml"
1532,"Irinotecan Mylan 20 mg/ ml"
1533,"IRUMED 10 mg"
1534,"IRUMED 20 mg"
1535,"IRUZID 10 mg/12,5 mg"
1536,"IRUZID 20 mg/12,5 mg"
1537,"IRUZID 20 mg/25 mg"
1538,"ISENTRESS 400 mg"
1539,"ISENTRESS 600 mg"
1540,"isicom 100 mg"
1541,"isicom 250 mg"
1542,"ISOKET"
1543,"ISOPRINOSINE 1000 mg"
1544,"Isoprinosine 50 mg/ml"
1545,"Isoprinosine 500 mg"
1546,"Isoptin 40 mg"
1547,"Isoptin 80 mg"
1548,"Isoptin ICHS retard"
1549,"Isoptin SR 240 mg"
1550,"Isotretinoin Actavis 10 mg"
1551,"Isotretinoin Actavis 20 mg"
1552,"ITOCAN"
1553,"Itoprid PMCS 50 mg"
1554,"Itoprid Xantis 50 mg"
1555,"ITULAZAX"
1556,"Ivabradn Sandoz 5 mg"
1557,"Ivabradn Sandoz 7,5 mg"
1558,"Ivabradin STADA 5 mg"
1559,"Ivabradin STADA 7,5 mg"
1560,"Ivabradn Teva Slovakia 5 mg"
1561,"Ivabradine Anpharm 5 mg"
1562,"Ivabradine Anpharm 7,5 mg"
1563,"Ivabradine Mylan 5 mg"
1564,"Ivabradine Mylan 7,5 mg"
1565,"Ivabradine Zentiva 5 mg"
1566,"Ivabradine Zentiva 7,5 mg"
1567,"Jamesi 50 mg/1000 mg"
1568,"Jamesi 50 mg/850 mg"
1569,"Jansitin 100 mg"
1570,"Janumet 50 mg/1000 mg"
1571,"Janumet 50 mg/850 mg"
1572,"Januvia 100 mg"
1573,"Januvia 50 mg"
1574,"Jardiance 10 mg"
1575,"Jardiance 25 mg"
1576,"Javlor 25 mg/ml"
1577,"Jazeta 100 mg"
1578,"Jazeta 50 mg"
1579,"Jentadueto 2,5 mg/1000 mg"
1580,"Jentadueto 2,5 mg/850 mg"
1581,"Jext 150 mikrogramov"
1582,"Jext 300 mikrogramov"
1583,"Juluca 50 mg/25 mg"
1584,"JUZINA 100 mg"
1585,"Kadcyla 100 mg"
1586,"Kadcyla 160 mg"
1587,"Kaftrio 75 mg/50 mg/100 mg"
1588,"Kalcizen"
1589,"Kalcizen Forte"
1590,"Kaldyum"
1591,"Kaletra 200 mg/50 mg"
1592,"KALIUM CHLORATUM BIOMEDICA"
1593,"Kalydeco 150 mg"
1594,"KAMIREN XL 4 mg"
1595,"Kanamycin-POS"
1596,"KANAVIT"
1597,"KANJINTI 150 mg"
1598,"Karbicombi 16 mg/12,5 mg"
1599,"Karbicombi 32 mg/12,5 mg"
1600,"Karbicombi 32 mg/25 mg"
1601,"Karbis 16 mg"
1602,"Karbis 32 mg"
1603,"Karbis 8 mg"
1604,"Kartesada  150 mg"
1605,"Kartesada  75 mg"
1606,"Kentera 3,9 mg/24 hodn transdermlna nplas"
1607,"Keppra 100 mg/ml"
1608,"Ketilept Prolong"
1609,"Ketoconazole HRA 200 mg"
1610,"Ketonal 100 mg/2 ml"
1611,"Ketonal 50 mg"
1612,"Ketonal DUO 150 mg"
1613,"Ketonal forte 100 mg"
1614,"KETOSTERIL"
1615,"Kevzara 150 mg"
1616,"Kevzara 200 mg"
1617,"Kineret 100 mg/0,67 ml"
1618,"Kinito"
1619,"KIOVIG 100 mg/ml"
1620,"KLABAX 500 mg"
1621,"KLACID 125 mg/5 ml"
1622,"KLACID 250 mg/5 ml"
1623,"KLACID 500 mg"
1624,"KLACID SR"
1625,"KLERIMED 250 mg"
1626,"KLERIMED 500 mg"
1627,"Klertis 12,5 mg"
1628,"Klertis 25 mg"
1629,"Klertis 50 mg"
1630,"KLIMICIN 150 mg/ml"
1631,"Kombi-Kalz 1000/880"
1632,"Kombi-Kalz 500 mg/800 IU"
1633,"Kornam 10 mg"
1634,"Kornam 5 mg"
1635,"Kreon 10 000"
1636,"Kreon 25 000"
1637,"Kuvan 100 mg"
1638,"Kventiax 100 mg"
1639,"Kventiax 200 mg"
1640,"Kventiax 25 mg"
1641,"Kventiax 300 mg"
1642,"Kventiax SR 200 mg"
1643,"Kventiax SR 300 mg"
1644,"Kyntheum 210 mg"
1645,"Kyselina ibandrnov Sandoz 150 mg"
1646,"Kyselina ibandrnov Teva 150 mg"
1647,"Kyselina zoledrnov Sandoz 4 mg/100 ml"
1648,"Kyselina zoledrnov Sandoz 4 mg/5 ml"
1649,"Lacipil 4 mg"
1650,"Lacipil 6 mg"
1651,"Lacosamide Accord 100 mg"
1652,"Lacosamide Accord 150 mg"
1653,"Lacosamide Accord 200 mg"
1654,"LACTULOSA BIOMEDICA"
1655,"LADYBON"
1656,"LAEVOLAC"
1657,"LAGOSA"
1658,"Lamegom 25 mg"
1659,"Lamictal 100 mg"
1660,"Lamictal 25 mg"
1661,"Lamictal 5 mg"
1662,"Lamictal 50 mg"
1663,"Lamotrigin Actavis 100 mg"
1664,"Lamotrigin Actavis 25 mg"
1665,"Lamotrigin Actavis 50 mg"
1666,"Lamotrigine Farmax 100 mg"
1667,"Lamotrigine Farmax 200 mg"
1668,"Lamotrigine Farmax 25 mg"
1669,"Lamotrigine Farmax 50 mg"
1670,"Lamzede 10 mg"
1671,"LANTUS"
1672,"LANZUL"
1673,"Latanoprost Olikla 50 mikrogramov/ml"
1674,"Latanoprost/timolol Olikla 0,05 mg/ml"
1675,"Latuda 18,5 mg"
1676,"Latuda 37 mg"
1677,"Latuda 74 mg"
1678,"Lecigon"
1679,"Leflunomide medac 10 mg"
1680,"Leflunomide medac 20 mg"
1681,"Leflunomide Zentiva 20 mg"
1682,"LEKOKLAR 250 mg"
1683,"LEKOKLAR 250 mg/5 ml"
1684,"LEKOKLAR 500 mg"
1685,"Lekoklar XL 500 mg"
1686,"LEMTRADA 12 mg"
1687,"Lenalidomid Alvogen 10 mg"
1688,"Lenalidomid Alvogen 15 mg"
1689,"Lenalidomid Alvogen 25 mg"
1690,"Lenalidomid Glenmark 10 mg"
1691,"Lenalidomid Glenmark 15 mg"
1692,"Lenalidomid Glenmark 25 mg"
1693,"Lenalidomid Grindeks 10 mg"
1694,"Lenalidomid Grindeks 15 mg"
1695,"Lenalidomid Grindeks 25 mg"
1696,"Lenalidomid Pharmevid 10 mg"
1697,"Lenalidomid Pharmevid 15 mg"
1698,"Lenalidomid Pharmevid 25 mg"
1699,"Lenalidomid Sandoz 10 mg"
1700,"Lenalidomid Sandoz 15 mg"
1701,"Lenalidomid Sandoz 25 mg"
1702,"Lenalidomid STADA 10 mg"
1703,"Lenalidomid STADA 15 mg"
1704,"Lenalidomid STADA 25 mg"
1705,"Lenalidomid Teva B.V. 10 mg"
1706,"Lenalidomid Teva B.V. 15 mg"
1707,"Lenalidomid Teva B.V. 25 mg"
1708,"Lenalidomide Accord 10 mg"
1709,"Lenalidomide Accord 15 mg"
1710,"Lenalidomide Accord 25 mg"
1711,"LENVIMA 4 mg"
1712,"Leponex 100 mg"
1713,"Leponex 25 mg"
1714,"Letromyl"
1715,"Letrovena 2,5 mg"
1716,"Letrozol Sandoz 2,5 mg"
1717,"Letrozol STADA 2,5 mg"
1718,"Letrozole Pharmacenter 2,5 mg"
1719,"Leuprorelin Sandoz 5 mg"
1720,"Levact 2,5 mg/ml"
1721,"Levalox 500 mg"
1722,"Levemir FlexPen 100 jednotiek/ml"
1723,"Levemir Penfill 100 jednotiek/ml"
1724,"Levetiracetam Accord 1000 mg"
1725,"Levetiracetam Accord 250 mg"
1726,"Levetiracetam Accord 500 mg"
1727,"Levetiracetam Actavis 1000 mg"
1728,"Levetiracetam Actavis 250 mg"
1729,"Levetiracetam Actavis 500 mg"
1730,"Levetiracetam Sandoz 1000 mg"
1731,"Levetiracetam Sandoz 500 mg"
1732,"Levetiracetam STADA 1000 mg"
1733,"Levetiracetam STADA 250 mg"
1734,"Levetiracetam STADA 500 mg"
1735,"Levetiracetam STADA Arzneimittel 1000 mg"
1736,"Levetiracetam STADA Arzneimittel 250 mg"
1737,"Levetiracetam STADA Arzneimittel 500 mg"
1738,"Levocetirizin Teva 5 mg"
1739,"Levodopa/Carbidopa/Entacapone Stada 100 mg/25 mg/200 mg"
1740,"Levodopa/Carbidopa/Entacapone Stada 150 mg/37,5 mg/200 mg"
1741,"Levodopa/Carbidopa/Entacapone Stada 175 mg/43,75 mg/200 mg"
1742,"Levodopa/Carbidopa/Entacapone Stada 50 mg/12,5 mg/200 mg"
1743,"Levofolic 50 mg/ml"
1744,"LEXOPAM 1,5 mg"
1745,"LEXOPAM 3 mg"
1746,"Licobondrat 150 mg"
1747,"Lignaron 10 mg"
1748,"Lignaron 15 mg"
1749,"Lignaron 25 mg"
1750,"Linezolid Accord 600 mg"
1751,"Linezolid Krka 600 mg"
1752,"Linezolid Mylan 600 mg"
1753,"Linezolid Sandoz 600 mg"
1754,"Linola Fett lbad"
1755,"LIPANTHYL NT 145 mg"
1756,"LIPANTHYL SUPRA 160 mg"
1757,"LIPANTHYL SUPRA 215 mg"
2527,"Quetiapin Mylan 100 mg"
2528,"Quetiapin Mylan 200 mg"
2529,"Quetiapin Mylan 300 mg"
2530,"Quetiapin Sandoz 200 mg"
2531,"Quetiapin Sandoz 300 mg"
2532,"Quetiapin Zentiva SR 200 mg"
2533,"Quetiapin Zentiva SR 300 mg"
2534,"Quetiapin Zentiva SR 50 mg"
2535,"Quetiapine Accord 100 mg"
2536,"Quetiapine Accord 200 mg"
2537,"Quetiapine Accord 25 mg"
2538,"Quetiapine Accord 300 mg"
2539,"Quetiapine Accord 50 mg"
2540,"Quinsair 240 mg"
2541,"Qutenza 179 mg"
2542,"Raenom 5 mg"
2543,"Raenom 7,5 mg"
2544,"RAGWIZAX"
2545,"Ralago 1 mg"
2546,"RAMIMED 10 mg"
2547,"RAMIMED 5 mg"
2548,"RAMIMED HCT 5/25"
2549,"Ramipril Actavis 10 mg"
2550,"Ramipril Actavis 2,5 mg"
2551,"Ramipril Actavis 5 mg"
2552,"Ramipril H 2,5 mg/12,5 mg"
2553,"Ramipril H 5 mg/25 mg"
2554,"RAMIZEK 10 mg/10 mg"
2555,"RAMIZEK 10 mg/5 mg"
2556,"RAMIZEK 5 mg/10 mg"
2557,"RAMIZEK 5 mg/5 mg"
2558,"Ramomark 5 mg/5 mg"
2559,"Rapamune 1 mg"
2560,"Raponer 2 mg"
2561,"Raponer 4 mg"
2562,"Raponer 8 mg"
2563,"Rasagilin Glenmark 1 mg"
2564,"Rasagiline Egis 1 mg"
2565,"Rasagiline Mylan 1 mg"
2566,"Rasagiline Sandoz 1 mg"
2567,"Rasagiline Stada"
2568,"RASAGILINE VIPHARM"
2569,"Rasetron 2 mg"
2570,"Rasigerolan 1 mg"
2571,"Ratiograstim 30 MIU/0,5 ml"
2572,"Ratiograstim 48 MIU/0,8 ml"
2573,"RAVICTI 1,1 g/ml"
2574,"RAWEL SR"
2575,"Razagilin ratiopharm 1 mg"
2576,"Reagila 1,5 mg"
2577,"Reagila 3 mg"
2578,"Reagila 4,5 mg"
2579,"Reagila 6 mg"
2580,"Rebif 44 mikrogramov"
2581,"Rebif 44 mikrogramov/0,5 ml"
2582,"Rebif 8,8 mikrogramov"
2583,"Rebif 8,8 mikrogramov/0,1 ml"
2584,"Rectogesic 4 mg/g"
2585,"ReFacto AF 1000 IU"
2586,"ReFacto AF 250 IU"
2587,"ReFacto AF 500 IU"
2588,"Refixia 1000 IU"
2589,"Refixia 500 IU"
2590,"REKOVELLE 12 mikrogramov/0,36 ml"
2591,"REKOVELLE 36 mikrogramov/1,08 ml"
2592,"REKOVELLE 72 mikrogramov/2,16 ml"
2593,"Relistor 12 mg/0,6 ml"
2594,"RELPAX 40 mg"
2595,"Relvar Ellipta 184 mikrogramov/22 mikrogramov"
2596,"Relvar Ellipta 92 mikrogramov/22 mikrogramov"
2597,"Remicade 100 mg"
2598,"Remodulin 2,5 mg/ml"
2599,"Remodulin 5 mg/ml"
2600,"Remsima 100 mg"
2601,"Remsima 120 mg"
2602,"Remurel 20 mg/ml"
2603,"Remurel 40 mg/ml"
2604,"RENEMED 10 mg"
2605,"RENEMED 5 mg"
2606,"Repatha 140 mg"
2607,"Replagal 1 mg/ml"
2608,"REQUIP-MODUTAB 2 mg"
2609,"REQUIP-MODUTAB 4 mg"
2610,"REQUIP-MODUTAB 8 mg"
2611,"Reseligo 10,8 mg"
2612,"Reseligo 3,6 mg"
2613,"Resolor 1 mg"
2614,"Resolor 2 mg"
2615,"Retsevmo 40 mg"
2616,"Retsevmo 80 mg"
2617,"Revatio 20 mg"
2618,"Reverantza 20 mg/5 mg"
2619,"Reverantza 40 mg/5 mg"
2620,"Revestive 1,25 mg"
2621,"Revestive 5 mg"
2622,"Revolade 25 mg"
2623,"Revolade 50 mg"
2624,"Rhefluin"
2625,"Rhophylac 300 mikrogramov/2 ml"
2626,"Rilmenidin Teva 1 mg"
2627,"Rilmex 1 mg"
2628,"Ringer Laktt Baxter-Viaflo"
2629,"Ringers Braun Injection"
2630,"Ringerov roztok Baxter-Viaflo"
2631,"RINVOQ 15 mg"
2632,"RISENDROS 35 mg"
2633,"Risepro 3 mg"
2634,"Rispen 1"
2635,"Rispen 2"
2636,"Rispen 3"
2637,"RISPERDAL CONSTA 25 mg"
2638,"RISPERDAL CONSTA 37,5 mg"
2639,"RISPERDAL CONSTA 50 mg"
2640,"Risperidon Farmax 1 mg"
2641,"Risperidon Farmax 2 mg"
2642,"Risperidon Orion 1 mg/ml"
2643,"RISTIDIC 1,5 mg"
2644,"RISTIDIC 3 mg"
2645,"RISTIDIC 4,5 mg"
2646,"RISTIDIC 6 mg"
2647,"Ritonavir Mylan 100 mg"
2648,"Rivaroxaban G.L. Pharma 15 mg"
2649,"Rivaroxaban G.L. Pharma 20 mg"
2650,"Rivaxa 15 mg"
2651,"Rivaxa 20 mg"
2652,"RIVOCOR 10"
2653,"RIVOCOR 5"
2654,"RIVODARON 200"
2655,"Riximyo 100 mg"
2656,"Riximyo 500 mg"
2657,"RIXUBIS 1000 IU"
2658,"RIXUBIS 2000 IU"
2659,"RIXUBIS 250 IU"
2660,"RIXUBIS 500 IU"
2661,"Rizatriptan Mylan 10 mg"
2662,"Rizatriptan Sandoz 10 mg"
2663,"RoActemra 162 mg"
2664,"RoActemra 20 mg/ml"
2665,"Rolpryna SR 2 mg"
2666,"Rolpryna SR 4 mg"
2667,"Rolpryna SR 8 mg"
2668,"Ropinirol Farmax 2 mg"
2669,"Ropinirol Farmax 4 mg"
2670,"Ropinirol Farmax 8 mg"
2671,"Ropinirol Mylan 1 mg"
2672,"Ropinirol Mylan 2 mg"
2673,"ROPINSTAD retard 2 mg"
2674,"ROPINSTAD retard 4 mg"
2675,"ROPINSTAD retard 8 mg"
2676,"Rosazimib 10 mg/10 mg"
2677,"Rosazimib 20 mg/10 mg"
2678,"Rosazimib 40 mg/10 mg"
2679,"ROSUCARD 10 mg"
2680,"ROSUCARD 20 mg"
2681,"ROSUCARD 40 mg"
2682,"Rotarix perorlna suspenzia v stlaitenej tube"
2683,"RotaTeq"
2684,"Rovamycine 3 M.I.U."
2685,"Roxiper 10 mg/4 mg/1,25 mg"
2686,"Roxiper 10 mg/8 mg/2,5 mg"
2687,"Roxiper 20 mg/4 mg/1,25 mg"
2688,"Roxiper 20 mg/8 mg/2,5 mg"
2689,"Rozex krm"
2690,"Rozlytrek 100 mg"
2691,"Rozlytrek 200 mg"
2692,"ROZOR 10 mg/10 mg"
2693,"ROZOR 20 mg/10 mg"
2694,"Ruconest 2100 U"
2695,"Rumixafen 500 mikrogramov"
2696,"Rupafin 1 mg/ml"
2697,"Rupafin 10 mg"
2698,"Rupastad 10 mg"
2699,"Rupatadin Vivax 10 mg"
2700,"Rupatadine Mylan 10 mg"
2701,"Ruxience 100 mg"
2702,"Ruxience 500 mg"
2703,"RUZEB 10 mg/10 mg"
2704,"RUZEB 5 mg/10 mg"
2705,"Rydapt 25 mg"
2706,"Ryeqo 40 mg/1 mg/0,5 mg"
2707,"Rytmonorm 150 mg"
2708,"Rytmonorm 300 mg"
2709,"Rytmonorm SR 225 mg"
2710,"Rytmonorm SR 325 mg"
2711,"Rytmonorm SR 425 mg"
2712,"Ryzodeg"
2713,"Sabril"
2714,"SAGILIA 1mg"
2715,"Saizen 5,83 mg/ ml"
2716,"Saizen 8 mg/ ml"
2717,"Salofalk 1 g"
2718,"Salofalk 1,5 g"
2719,"Salofalk 3 g"
2720,"Salofalk 4 g/60 g"
2721,"Salofalk 500 apky"
2722,"Salofalk 500 tablety"
2723,"Sandimmun Neoral 100 mg/ml"
2724,"Sandimmun Neoral 25 mg"
2725,"Sandimmun Neoral 50 mg"
2726,"SANDOMIGRAN"
2727,"SANDOSTATIN 100 mikrogramov/1 ml"
2728,"SANDOSTATIN 500 mikrogramov/1 ml"
2729,"SANDOSTATIN LAR 30 mg"
2730,"SANVAL 10 mg"
2731,"Sastravi 100 mg/25 mg/200 mg"
2732,"Sastravi 150 mg/37,5 mg/200 mg"
2733,"Sastravi 200 mg/50 mg/200 mg"
2734,"Sastravi 50 mg/12,5 mg/200 mg"
2735,"SCANLUX 300"
2736,"SCANLUX 370"
2737,"Seebri Breezhaler 44 mikrogramov"
2738,"Seizpat 100 mg"
2739,"Seizpat 150 mg"
2740,"Seizpat 200 mg"
2741,"Selincro 18 mg"
2742,"Semglee 100 jednotiek/ml"
2743,"SERDOLECT 12 mg"
2744,"SERDOLECT 16 mg"
2745,"SERDOLECT 4 mg"
2746,"Seretide 125 Inhaler N"
2747,"Seretide 250 Inhaler N"
2748,"Seretide 50 Inhaler N"
2749,"Serevent Diskus"
2750,"Serevent Inhaler N"
2751,"Serkep 25 mikrogramov/125 mikrogramov"
2752,"Serkep 25 mikrogramov/250 mikrogramov"
2753,"SERLIFT 100 mg"
2754,"SERLIFT 50 mg"
2755,"Seroquel XR 200 mg"
2756,"Seroquel XR 300 mg"
2757,"Seroquel XR 50 mg"
2758,"Seroxat 20 mg"
2759,"Seroxat 30 mg"
2760,"Sertralin Actavis 100 mg"
2761,"Sertralin Actavis 50 mg"
2762,"Sertraline Accord 100 mg"
2763,"Sertraline Accord 50 mg"
2764,"Sevelamer carbonate Heaton 800 mg"
2765,"Sevelamer Carbonate Mylan 800 mg"
2766,"SEVORANE"
2767,"Sevredol 10 mg"
2768,"Sidarso 8 mg"
2769,"Sigletic 100 mg"
2770,"Signifor 40 mg"
2771,"Signifor 60 mg"
2772,"Sigrada 10 mg"
2773,"Silodosin Recordati 4 mg"
2774,"Silodosin Recordati 8 mg"
2775,"Silodosin Stada 8 mg"
2776,"SIMBRINZA 10 mg/ml"
2777,"Simponi 50 mg"
2778,"SIMVACARD 10"
2779,"SIMVACARD 20"
2780,"SIMVACARD 40"
2781,"Simvastatin-ratiopharm 20 mg"
2782,"Sindranol 2 mg"
2783,"Sindranol 4 mg"
2784,"Sindranol 8 mg"
2785,"Siofor 1000"
2786,"Siofor 500"
2787,"Siofor 850"
2788,"Siofor SR 1000 mg"
2789,"Siofor SR 500 mg"
2790,"Siofor SR 750 mg"
2791,"Siranalen 150 mg"
2792,"Siranalen 300 mg"
2793,"Siranalen 75 mg"
2794,"SIRDALUD 2 mg"
2795,"SIRDALUD 4 mg"
2796,"Sitagliptin Glenmark 100 mg"
2797,"Sitagliptin Mylan 100 mg"
2798,"Sitagliptin Sandoz 100 mg"
2799,"Sitagliptin STADA 100 mg"
2800,"Sitagliptin Teva 100 mg"
2801,"Sitagliptin Teva 50 mg"
2802,"Sitagliptin/Metformin Glenmark 50 mg/1000 mg"
2803,"Sitagliptin/Metformin Sandoz 50 mg/1000 mg"
2804,"Sitagliptin/Metformin Sandoz 50 mg/850 mg"
2805,"Sitagliptin/Metformin STADA 50 mg/1000 mg"
2806,"Sitagliptin/Metformin Teva 50 mg/1000 mg"
2807,"Sitagliptin/Metformin Teva 50 mg/850 mg"
2808,"Skinoren krm"
2809,"Skudexa 75 mg/25 mg"
2810,"Skyrizi 75 mg"
2811,"Sobycombi 10 mg/5 mg"
2812,"Sobycombi 5 mg/10 mg"
2813,"Sobycombi 5 mg/5 mg"
2814,"Sobycor 10 mg"
2815,"Sobycor 2,5 mg"
2816,"Sobycor 5 mg"
2817,"Sodium Chloride 0,9% w/v Intravenous Infusion Bieffe"
2818,"Sodium chloride Fresenius Kabi 0,9%"
2819,"Sodium oxybate Kalceks 500 mg/ml"
2820,"SOFTACORT"
2821,"Solian 200 mg"
2822,"Solian 400 mg"
2823,"Solifenacin Farmax 10 mg"
2824,"Solifenacin Farmax 5 mg"
2825,"Solifenacin Glenmark 10 mg"
2826,"Solifenacin Medreg"
2827,"Solifenacin Mylan 10 mg"
2828,"Solifenacin Pharmevid 10 mg"
2829,"Solifenacin PMCS 10 mg"
2830,"Solifenacin PMCS 5 mg"
2831,"Solifenacin STADA 10 mg"
2832,"Solifenacin Teva 10 mg"
2833,"Soliflow 10 mg"
2834,"Soliflow 5 mg"
2835,"Solixa 10 mg"
2836,"Soluprick"
2837,"Solusin 50 mikrogramov/ml"
2838,"Solutio acidi salicylici spirituosa 1 %"
2839,"Solutio acidi salicylici spirituosa 2 %"
2840,"Somatuline Autogel 120 mg"
2841,"Somatuline Autogel 60 mg"
2842,"SOMAVERT 10 mg"
2843,"SOMAVERT 15 mg"
2844,"SOMAVERT 20 mg"
2845,"SonoVue"
2846,"Soolantra 10 mg/g"
2847,"Sorafenib STADA"
2848,"Sorafenib Teva 200 mg"
2849,"Sorafenib Zentiva"
2850,"Sorbifer Durules"
2851,"Sorbimon 20 mg"
2852,"Sorbimon 40 mg"
2853,"Sorbisterit"
2854,"SORTIS 40 mg"
2855,"SORTIS 80 mg"
2856,"Sorvasta 10 mg"
2857,"Sorvasta 15 mg"
2858,"Sorvasta 20 mg"
2859,"Sorvasta 30 mg"
2860,"Sorvasta 40 mg"
2861,"Sovaldi 400 mg"
2862,"Spasmed 15"
2863,"Spasmed 30 mg"
2864,"Spersadex comp."
2865,"SPERSALLERG"
2866,"Spinraza 12 mg"
2867,"Spiolto Respimat 2,5 mikrogramu/2,5 mikrogramu inhalan roztok"
2868,"SPIRABEL 0,5 mg/ml"
2869,"SPIRABEL 2,5 mg"
2870,"SPIRABEL 5 mg"
2871,"Spiriva 18 mikrogramov"
2872,"Spiriva Respimat"
2873,"Spiromon 10 mg"
2874,"Spiromon 4 mg"
2875,"Spiromon 5 mg"
2876,"SPORANOX"
2877,"SPRYCEL 70 mg"
2878,"Stadacand 16 mg"
2879,"Stadacand 32 mg"
2880,"Stadacand 8 mg"
2881,"Stadacand Plus"
2882,"STADAMET"
2883,"Stadamet 500"
2884,"Stadamet 850"
2885,"STADAPRESS 10/12,5 mg"
2886,"STADAPRESS 20/12,5 mg"
2887,"STADAPYRIN 100 mg"
2888,"Stafal"
2889,"Staloral 300"
2890,"STAYVEER 125 mg"
2891,"STELARA 130 mg"
2892,"STELARA 45 mg"
2893,"STELARA 90 mg"
2894,"STILNOX"
2895,"Stribild 150 mg/150 mg/200 mg/245 mg"
2896,"Striverdi Respimat"
2897,"Submena 100 mikrogramov"
2898,"Submena 200 mikrogramov"
2899,"Submena 400 mikrogramov"
2900,"Sulfasalazin-EN"
2901,"Suliqua 100 jednotiek/ml"
2902,"SULPIRID BELUPO 200 mg"
2903,"SULPIRID BELUPO 50 mg"
2904,"Sumamed"
2905,"Sumamed 125 mg"
2906,"Sumamed 500 mg"
2907,"Sumamed forte"
2908,"Sumatriptan Sandoz 100 mg"
2909,"Sumatriptan Sandoz 50 mg"
2910,"Sunitinib Accord 12,5 mg"
2911,"Sunitinib Accord 25 mg"
2912,"Sunitinib Accord 50 mg"
2913,"Sunitinib G.L. Pharma 12,5 mg"
2914,"Sunitinib G.L. Pharma 25 mg"
2915,"Sunitinib G.L. Pharma 50 mg"
2916,"Sunitinib Glenmark 12,5 mg"
2917,"Sunitinib Glenmark 25 mg"
2918,"Sunitinib Glenmark 50 mg"
2919,"Sunitinib Krka 12,5 mg"
2920,"Sunitinib Krka 25 mg"
2921,"Sunitinib Krka 50 mg"
2922,"Sunitinib Mylan 12,5 mg"
2923,"Sunitinib Mylan 25 mg"
2924,"Sunitinib Mylan 50 mg"
2925,"Sunitinib Pharmagen 12,5 mg"
2926,"Sunitinib Pharmagen 25 mg"
2927,"Sunitinib Pharmagen 50 mg"
2928,"Sunitinib Sandoz 12,5 mg"
2929,"Sunitinib Sandoz 25 mg"
2930,"Sunitinib Sandoz 50 mg"
2931,"Sunitinib STADA 12,5 mg"
2932,"Sunitinib STADA 25 mg"
2933,"Sunitinib STADA 50 mg"
2934,"Sunitinib Teva 12,5 mg"
2935,"Sunitinib Teva 25 mg"
2936,"Sunitinib Teva 50 mg"
2937,"Sunitinib Xantis 12,5 mg"
2938,"Sunitinib Xantis 25 mg"
2939,"Sunitinib Xantis 50 mg"
2940,"Sunitinib Zentiva 12,5 mg"
2941,"Sunitinib Zentiva 25 mg"
2942,"Sunitinib Zentiva 50 mg"
2943,"SUPRAX"
2944,"SUPRAX 400 mg"
2945,"SUPRELIP"
2946,"SURAL 400 mg"
2947,"Sutent 12,5 mg"
2948,"Sutent 25 mg"
2949,"Sutent 50 mg"
2950,"Symbicort Turbuhaler 200 mikrogramov/6 mikrogramov/inhalcia"
2951,"Symbicort Turbuhaler forte 400 mikrogramov/12 mikrogramov/inhalcia"
2952,"Symbicort Turbuhaler mite 100 mikrogramov/6 mikrogramov/inhalcia"
2953,"Synagis 100 mg/ml"
2954,"Synflorix injekn suspenzia v naplnenej injeknej striekake"
2955,"Synjardy 12,5 mg/1000 mg"
2956,"Synjardy 5 mg/1000 mg"
2957,"Synjardy 5 mg/850 mg"
2958,"SYNTOSTIGMIN"
2959,"Tacforius 0,5 mg"
2960,"Tacforius 1 mg"
2961,"Tacforius 3 mg"
2962,"Tacforius 5 mg"
2963,"Tadalafil AOP 20 mg"
2964,"TADOGLEN 100 mg/25 mg/200 mg"
2965,"TADOGLEN 150 mg/37,5 mg/200 mg"
2966,"TADOGLEN 50 mg/12,5 mg/200 mg"
2967,"Tafinlar 75 mg"
2968,"TAFLOTAN"
2969,"TAGRISSO 80 mg"
2970,"TAKHZYRO 300 mg"
2971,"Talliton 12,5 mg"
2972,"Talliton 25 mg"
2973,"Talliton 6,25 mg"
2974,"Talopam 100 mg"
2975,"Talopam 25 mg"
2976,"Talopam 50 mg"
2977,"Taltz 80 mg"
2978,"Tamayra 10 mg/5 mg"
2979,"Tamayra 5 mg/5 mg"
2980,"TAMED"
2981,"TAMOXIFEN ""EBEWE""  10 mg"
2982,"TAMOXIFEN ""EBEWE"" 20 mg"
2983,"Tamsulosin HCL Mylan 0,4 mg"
2984,"Tamsulosin-Teva 0,4 mg"
2985,"Tamurox 0,4 mg"
2986,"Tanatril 10 mg"
2987,"Tanyz"
2988,"TAPTIQOM 15 mikrogramov/ml+5 mg/ml"
2989,"Tarceva 150 mg"
2990,"TARDYFERON"
2991,"TARDYFERON-FOL"
2992,"Targin 10/5 mg"
2993,"Targin 20/10 mg"
2994,"Targin 40/20 mg"
2995,"Targin 5/2,5 mg"
2996,"Targretin 75 mg"
2997,"Tarka 180 mg/2 mg"
2998,"TARKA 240 mg/2 mg"
2999,"Tarka 240 mg/4 mg"
3000,"TARKA 240 mg/4 mg"
3001,"Tasigna 150 mg"
3002,"Tasigna 200 mg"
3003,"TAXIMED 1 g"
3004,"Tecfidera 120 mg"
3005,"Tecfidera 240 mg"
3006,"Tedez"
3007,"Tegretol CR 200"
3008,"Tegretol CR 400"
3009,"TEKUT PDER"
3010,"Tekut pder s 1 % mentolu"
3011,"TEKUT PDER S MENTOLOM"
3012,"Tekut pder VULM"
3013,"Teldipin 40 mg/10 mg"
3014,"Teldipin 40 mg/5 mg"
3015,"Teldipin 80 mg/10 mg"
3016,"Teldipin 80 mg/5 mg"
3017,"Telhycar 80 mg/12,5 mg"
3018,"Telhycar 80 mg/25 mg"
3019,"Telmark 80 mg"
3020,"Telmark Plus 80 mg/12,5 mg"
3021,"Telmisartan Actavis 40 mg"
3022,"Telmisartan Actavis 80 mg"
3023,"Telmisartan EGIS 40 mg"
3024,"Telmisartan EGIS 80 mg"
3025,"Telmisartan ratiopharm 40 mg"
3026,"Telmisartan Sandoz 40 mg"
3027,"Telmisartan Sandoz 80 mg"
3028,"Telmisartan Xantis 40 mg"
3029,"Telmisartan Xantis 80 mg"
3030,"Telmisartan/Hydrochlorotiazid EGIS 80 mg/12,5 mg"
3031,"Telmisartan/Hydrochlorotiazid EGIS 80 mg/25 mg"
3032,"Telmisartan/Hydrochlorotiazid Sandoz 80 mg/12,5 mg"
3033,"Telmisartan/Hydrochlorotiazid Sandoz 80 mg/25 mg"
3034,"Telmisartan/Hydrochlorotiazid Xantis 80 mg/12,5 mg"
3035,"Telmisartan/Hydrochlorotiazid Xantis 80 mg/25 mg"
3036,"Telviran 400 mg"
3037,"Temomedac 100 mg"
3038,"Temomedac 140 mg"
3039,"Temomedac 20 mg"
3040,"TEMOSTAD 100 mg"
3041,"TEMOSTAD 140 mg"
3042,"TEMOSTAD 20 mg"
3043,"TEMOSTAD 250 mg"
3044,"Temozolomide Accord 100 mg"
3045,"Temozolomide Accord 140 mg"
3046,"TENAXUM"
3047,"Tenloris 100 mg/10 mg"
3048,"Tenloris 100 mg/5 mg"
3049,"Tenloris 50 mg/10 mg"
3050,"Tenloris 50 mg/5 mg"
3051,"Tenox 5 mg"
3052,"TENSAMIN"
3053,"Terbinafin Actavis 250 mg"
3054,"Terbinafin Mylan 250 mg"
3055,"Terrosa 20 mikrogramov/80 mikrolitrov"
3056,"TERTENSIF SR"
3057,"Tetmodis 25 mg"
3058,"TETRAXIM"
3059,"TEVANEB 5 mg"
3060,"Tevazol 20 mg"
3061,"Teysuno 15 mg/4,35 mg/11,8 mg"
3062,"Teysuno 20 mg/5,8 mg/15,8 mg"
3063,"Tezeo 40 mg"
3064,"Tezeo 80 mg"
3065,"Tezeo HCT 80 mg/12,5 mg"
3066,"Tezeo HCT 80 mg/25 mg"
3067,"Thiamin Liva inj"
3068,"Thioctacid  600 HR"
3069,"Thioctacid 600 T"
3070,"THIOGAMMA 600 oral"
3071,"Thiogamma Turbo-Set"
3072,"Thyrogen 0,9 mg"
3073,"Thyrozol 10 mg"
3074,"Tianeptin Mylan 12,5 mg"
3075,"Tianeptin Sandoz 12,5 mg"
3076,"TIAPRIDAL"
3077,"TIAPRIDAL inj"
3078,"TIAPRIDAL tbl"
3079,"Tiboln Aristo 2,5 mg"
3080,"Ticlopidin-ratiopharm 250 mg"
3081,"TIMOLOL 0,5 %"
3082,"Timonil retard 150 mg"
3083,"Timonil retard 300 mg"
3084,"Tivicay 50 mg"
3085,"TOBI Podhaler 28 mg"
3086,"Tolucombi 80 mg/12,5 mg"
3087,"Tolucombi 80 mg/25 mg"
3088,"Tolura 40 mg"
3089,"Tolura 80 mg"
3090,"Topamax 100"
3091,"Topamax 25"
3092,"Topamax 50"
3093,"Topilex 100 mg"
3094,"Topilex 50 mg"
3095,"Topimark  50 mg"
3096,"Topimark 100 mg"
3097,"Topimark 25 mg"
3098,"Topiramate Neuraxpharm 100 mg"
3099,"Topiramate Neuraxpharm 50 mg"
3100,"Topotecan Accord 1 mg/ml"
3101,"Topotecan medac 1 mg/ml"
3102,"TORECAN obalen tablety 6,5 mg"
3103,"Torisel 30 mg"
3104,"Torvacard Novum 10 mg"
3105,"Torvacard Novum 20 mg"
3106,"Torvacard Novum 40 mg"
3107,"Torvacard Novum 80 mg"
3108,"Torvazin Plus 20 mg/10 mg"
3109,"Torvazin Plus 40 mg/10 mg"
3110,"Toujeo 300 jednotiek/ml"
3111,"TOVIAZ 4 mg"
3112,"TOVIAZ 8 mg"
3113,"Tradocomp 37,5 mg/325 mg"
3114,"Trajenta 5 mg"
3115,"TRALGIT"
3116,"TRALGIT 100 inj."
3117,"TRALGIT gtt"
3118,"TRALGIT SR 100"
3119,"TRALGIT SR 150"
3120,"TRALGIT SR 200"
3121,"Tramabene"
3122,"Tramadol Mylan 100 mg"
3123,"Tramadol Mylan 150 mg"
3124,"Tramadol Mylan 200 mg"
3125,"Tramadol Retard Actavis 100 mg"
3126,"Tramadol Retard Actavis 150 mg"
3127,"Tramadol Retard Actavis 200 mg"
3128,"Tramadol Vitabalans 50 mg"
3129,"Tramadol/Paracetamol Medreg"
3130,"Tramadol/Paracetamol Zentiva 75 mg/650 mg"
3131,"TRAMAL injekn roztok 100 mg/2 ml"
3132,"TRAMAL injekn roztok 50 mg/ml"
3133,"TRAMAL kvapky 100 mg/ml"
3134,"TRAMAL retard tablety 100 mg"
3135,"TRAMAL retard tablety 150 mg"
3136,"TRAMAL retard tablety 200 mg"
3137,"TRAMAL tvrd kapsuly"
3138,"Tramapran 37,5 mg/325 mg"
3139,"Tramcet 37,5 mg/325 mg"
3140,"Tramylpa 37,5 mg/325 mg"
3141,"Trandolapril-ratiopharm 2 mg"
3142,"Trandolapril-ratiopharm 4 mg"
3143,"Translarna 125 mg"
3144,"Translarna 250 mg"
3145,"TRANSTEC 35 g/ h"
3146,"TRANSTEC 52,5 g/ h"
3147,"TRANSTEC 70 g/ h"
3148,"TRAVATAN 40 mikrogramov/ml"
3149,"Travoprost Olikla 40 mikrogramov/ml"
3150,"Travoprost/timolol Olikla 40 mikrogramov/ml"
3151,"Trazimera 150 mg"
3152,"Trelegy Ellipta 92 mikrogramov/55 mikrogramov/22 mikrogramov"
3153,"Trelema 100 mg"
3154,"Trelema 150 mg"
3155,"Trelema 200 mg"
3156,"Trelema 50 mg"
3157,"Tremfya 100 mg"
3158,"Tresiba 100 jednotiek/ml"
3159,"Tresuvi 2,5 mg/ml"
3160,"Tresuvi 5 mg/ml"
3161,"TREVICTA 175 mg"
3162,"TREVICTA 263 mg"
3163,"TREVICTA 350 mg"
3164,"TREVICTA 525 mg"
3165,"Trexan Neo 10 mg"
3166,"Trexan Neo 2,5 mg"
3167,"TRIAMCINOLON E LIVA"
3168,"TRIAMCINOLON LIVA CRM"
3169,"TRIAMCINOLON LIVA UNG"
3170,"Trigelan 100 mg/25 mg/200 mg"
3171,"Trigelan 150 mg/37,5 mg/200 mg"
3172,"Trigelan 50 mg/12,5 mg/200 mg"
3173,"Trileptal 300 mg"
3174,"Trimbow 87 mikrogramov/5 mikrogramov/9 mikrogramov"
3175,"Trimbow 88 mikrogramov/5 mikrogramov/9 mikrogramov"
3176,"Trimetazidin Teva PR 35 mg"
3177,"TRIPLIXAM 10 mg/2,5 mg/10 mg"
3178,"TRIPLIXAM 10 mg/2,5 mg/5 mg"
3179,"TRIPLIXAM 5 mg/1,25 mg/10 mg"
3180,"TRIPLIXAM 5 mg/1,25 mg/5 mg"
3181,"TRITACE 1,25"
3182,"TRITACE 10"
3183,"TRITACE 2,5"
3184,"TRITACE 5"
3185,"Tritazide 2,5 mg/12,5 mg"
3186,"Tritazide 5 mg/25 mg"
3187,"TRITTICO AC 150"
3188,"Triumeq 50 mg/600 mg/300 mg"
3189,"Trombex 75 mg"
3190,"Trulicity 1,5 mg"
3191,"Trulicity 3 mg"
3192,"Trulicity 4,5 mg"
3193,"TRUND 1000 mg"
3194,"TRUND 250 mg"
3195,"TRUND 500 mg"
3196,"TRUSOPT 2 %"
3197,"Tulip 10 mg"
3198,"Tulip 20 mg"
3199,"Tulip 40 mg"
3200,"Tulip 80 mg"
3201,"Tulip Plus 10 mg/20 mg"
3202,"Tulip Plus 10 mg/40 mg"
3203,"Tutecvi 50 mg"
3204,"Twynsta 80 mg/10 mg"
3205,"Twynsta 80 mg/5 mg"
3206,"Tysabri 150 mg"
3207,"TYSABRI 300 mg"
3208,"Tyverb 250 mg"
3209,"Ubretid 5 mg"
3210,"Ultibro Breezhaler 85 mikrogramov/43 mikrogramov"
3211,"Ultomiris 300 mg/3 ml"
3212,"Ultomiris 300 mg/30 ml"
3213,"Ultravist 300"
3214,"Ultravist 370"
3215,"UNASYN 375 mg"
3216,"UNASYN P.O.S. 250 mg/5 ml"
3217,"UNICLOPHEN 0,1 %"
3218,"UNIFLOX 0,3 %"
3219,"UNILAT 50 mikrogramov/ml"
3220,"UNITIMOLOL 0,5 %"
3221,"UNITROPIC 0,5 %"
3222,"Uptravi 1000 mikrogramov"
3223,"Uptravi 1200 mikrogramov"
3224,"Uptravi 1400 mikrogramov"
3225,"Uptravi 1600 mikrogramov"
3226,"Uptravi 200 mikrogramov"
3227,"Uptravi 400 mikrogramov"
3228,"Uptravi 600 mikrogramov"
3229,"Uptravi 800 mikrogramov"
3230,"Urapidil Stragen 30 mg"
3231,"Urapidil Stragen 60 mg"
3232,"Urografin 76 %"
3233,"Urokur 10 mg"
3234,"Urokur 5 mg"
3235,"UROMITEXAN 400 mg"
3236,"Urorec 4 mg"
3237,"Urorec 8 mg"
3238,"URO-VAXOM"
3239,"UROXAL 5 mg"
3240,"Ursofalk 250 mg"
3241,"Ursogrix 250 mg"
3242,"URSOMED 250 mg"
3243,"URSOMED 500 mg"
3244,"URSOSAN"
3245,"URUTAL 16 mg"
3246,"URUTAL 24 mg"
3247,"V PNC 1000"
3248,"V PNC 500"
3249,"V PNC 750"
3250,"VACDITE"
3251,"Valdamin 450 mg"
3252,"Valdoxan 25 mg"
3253,"Valpro-ratiopharm Chrono  500 mg"
3254,"Valsacor 160 mg"
3255,"Valsacor 320 mg"
3256,"Valsacor 80 mg"
3257,"Valsartan Actavis 160 mg"
3258,"Valsartan Actavis 80 mg"
3259,"Valsartan HCT Actavis 160/12,5 mg"
3260,"Valsartan HCT Actavis 160/25 mg"
3261,"Valtrex 500 mg"
3262,"Valtricom 10 mg/160 mg/12,5 mg"
3263,"Valtricom 10 mg/160 mg/25 mg"
3264,"Valtricom 5 mg/160 mg/12,5 mg"
3265,"Valtricom 5 mg/160 mg/25 mg"
3266,"Valzap 160 mg"
3267,"Valzap 80 mg"
3268,"Valzap HCT 160 mg/12,5 mg"
3269,"Valzap HCT 160 mg/25 mg"
1758,"Lipertance 10 mg/5 mg/5 mg"
1759,"Lipertance 20 mg/10 mg/10 mg"
1760,"Lipertance 20 mg/10 mg/5 mg"
1761,"Lipertance 20 mg/5 mg/5 mg"
1762,"Lipertance 40 mg/10 mg/10 mg"
1763,"Lipobon 10 mg"
1764,"Lisinopril-ratiopharm 10 mg"
1765,"Lisinopril-ratiopharm 20 mg"
1766,"Lisinopril-ratiopharm 5 mg"
1767,"LITAK 2 mg/ml"
1768,"Lithium carbonicum - SLOVAKOFARMA"
1769,"LIVIAL"
1770,"Lixiana 30 mg"
1771,"Lixiana 60 mg"
1772,"LOCOID 0,1 %"
1773,"LOCOID CRELO"
1774,"LOCOID LIPOCREAM 0,1 %"
1775,"Lodoz 10 mg/6,25 mg"
1776,"Lodoz 2,5 mg/6,25 mg"
1777,"Lodoz 5 mg/6,25 mg"
1778,"LOGNIF 0,5 mg"
1779,"Lokren 20 mg"
1780,"LOMEXIN 2 %"
1781,"LOMEXIN 600 mg"
1782,"Lonquex 6 mg"
1783,"Lopridam 4 mg/1,25 mg/10 mg"
1784,"Lopridam 4 mg/1,25 mg/5 mg"
1785,"Lopridam 8 mg/2,5 mg/10 mg"
1786,"Lopridam 8 mg/2,5 mg/5 mg"
1787,"LORATADIN-ratiopharm 10 mg"
1788,"Lorista 100"
1789,"Lorista 50"
1790,"Lortanda 2,5 mg"
1791,"Lorviqua 100 mg"
1792,"Lorviqua 25 mg"
1793,"Losartan STADA 50 mg"
1794,"Losartan Zentiva 100 mg"
1795,"Losartan Zentiva 12,5 mg"
1796,"Losartan Zentiva 50 mg"
1797,"Losartan/Hydrochlorothiazid STADA 100 mg/25 mg"
1798,"Losartan/Hydrochlorothiazid STADA 50 mg/12,5 mg"
1799,"Lotemax"
1800,"Lotriderm"
1801,"Loxentia 20 mg"
1802,"Loxentia 40 mg"
1803,"Lozap H"
1804,"L-Thyroxin 100 Berlin-Chemie"
1805,"L-Thyroxin 125 Berlin-Chemie"
1806,"L-Thyroxin 150 Berlin-Chemie"
1807,"L-Thyroxin 50 Berlin-Chemie"
1808,"L-Thyroxin 75 Berlin-Chemie"
1809,"Lucentis 10 mg/ml"
1810,"Luivac"
1811,"LUMIGAN 0,3 mg/ml"
1812,"LUMINAL"
1813,"Lunaldin 100 mikrogramov"
1814,"Lunaldin 200 mikrogramov"
1815,"Lunaldin 400 mikrogramov"
1816,"Lunaldin 800 mikrogramov"
1817,"Lusopress"
1818,"Luveris 75 IU"
1819,"LUXFEN 2 mg/ml"
1820,"Lynparza 150 mg"
1821,"Lyrica 150 mg"
1822,"Lyrica 300 mg"
1823,"Lyrica 75 mg"
1824,"Lysodren 500 mg"
1825,"Lyumjev 100 jednotiek/ml"
1826,"Lyxit 12,5 mg"
1827,"MABRON"
1828,"MABRON 50 mg"
1829,"MABRON RETARD 100"
1830,"MABRON RETARD 150"
1831,"Mabron Retard 200"
1832,"MabThera 1 400 mg"
1833,"MabThera 100 mg"
1834,"MabThera 500 mg"
1835,"MACMIROR"
1836,"MACMIROR COMPLEX"
1837,"MACMIROR COMPLEX 500"
1838,"MAGNESIUM SULFURICUM BBP 100 mg/ml"
1839,"MAGNESIUM SULFURICUM BBP 200 mg/ml"
1840,"Magnosolv"
1841,"MAGRILAN 20 mg"
1842,"Malarone"
1843,"Maltofer"
1844,"Maltofer Fol"
1845,"MANTOMED 10 mg"
1846,"MANTOMED 20 mg"
1847,"Marcaine 0,5 %"
1848,"Marixino 10 mg"
1849,"Marixino 20 mg"
1850,"MAVENCLAD 10 mg"
1851,"Maviret 100 mg/40 mg"
1852,"Maxalt RPD 10 mg"
1853,"Maymetsi 50 mg/1000 mg"
1854,"Maymetsi 50 mg/850 mg"
1855,"Maysiglu 100 mg"
1856,"Maysiglu 50 mg"
1857,"Mayzent 0,25 mg"
1858,"Mayzent 2 mg"
1859,"Meaxin 100 mg"
1860,"Meaxin 400 mg"
1861,"MEDOCIPRIN 250 mg"
1862,"MEDOCIPRIN 500 mg"
1863,"MEDOCLAV 1 g"
1864,"MEDOCLAV 156,25 mg"
1865,"MEDOCLAV 375 mg"
1866,"MEDOCLAV 400 mg/5 ml"
1867,"MEDOCLAV 625 mg"
1868,"MEDOCLAV FORTE 312,5 mg"
1869,"MEDOCRIPTINE"
1870,"MEDOFLOXINE 200 mg"
1871,"MEDOFLUCON 150 mg"
1872,"MEDOFLUCON 50 mg"
1873,"MEDORISPER 1 mg"
1874,"MEDORISPER 2 mg"
1875,"MEDOSPIR 25 mg"
1876,"MEDOTRIGIN 100 mg"
1877,"MEDOTRIGIN 25 mg"
1878,"MEDOTRIGIN 50 mg"
1879,"MEDROL 16 mg"
1880,"MEDROL 4 mg"
1881,"MEGAMOX 625 forte"
1882,"MEGAMOX BID 1 g"
1883,"MEGAMOX DUO"
1884,"MEGESIN 160 mg"
1885,"Mekinist 2 mg"
1886,"Mektovi 15 mg"
1887,"Melkart 50 mg"
1888,"Melkart Duo 50 mg/1000 mg"
1889,"Melkart Duo 50 mg/850 mg"
1890,"Meloxan 15 mg"
1891,"Meloxicam Mylan 15 mg"
1892,"Meloxikam Xantis 15 mg"
1893,"Melyd 2 mg"
1894,"Melyd 3 mg"
1895,"Melyd 4 mg"
1896,"Memabix 10 mg"
1897,"Memabix 20 mg"
1898,"MEMAMED 10 mg"
1899,"MEMAMED 20 mg"
1900,"Memantin Mylan 10 mg"
1901,"Memantin Mylan 10 mg/ml"
1902,"Memantin Mylan 20 mg"
1903,"Memantin Stada 10 mg"
1904,"Memantin Stada 20 mg"
1905,"Memantine Accord 10 mg"
1906,"Memantine Accord 20 mg"
1907,"Memantine Vipharm 10 mg"
1908,"Memantine Vipharm 20 mg"
1909,"Memigmin 10 mg"
1910,"Memolan 10 mg"
1911,"Memolan 20 mg"
1912,"MeniSerc 16"
1913,"MeniSerc 24"
1914,"Menopur 600 IU"
1915,"MENOPUR 75 IU"
1916,"Meriofert Kit 150 IU"
1917,"Meriofert Kit 75 IU"
1918,"MESOCAIN 1 %"
1919,"MESTINON 60 mg"
1920,"METALCAPTASE 150"
1921,"Metamilan 500 mg"
1922,"METAMISTAD tablety"
1923,"Metamizol Stada 500 mg/ml"
1924,"Metamizol Teva 500 mg"
1925,"Metamizole Kalceks 500 mg/ml"
1926,"Metfogamma 1000"
1927,"Metfogamma 500"
1928,"Metfogamma 850"
1929,"Metformin Mylan 1000 mg"
1930,"Metformin Mylan 850 mg"
1931,"Metformin Mylan XR 1000 mg"
1932,"Metformin Mylan XR 500 mg"
1933,"Metformin Mylan XR 750 mg"
1934,"Metformin Teva B.V. 1000 mg"
1935,"Metformin Teva B.V. 500 mg"
1936,"Metformin Teva B.V. 750 mg"
1937,"Metformin Vitabalans 500 mg"
1938,"Methotrexat Ebewe 20 mg/ ml"
1939,"METHOTREXAT EBEWE 5000 mg"
1940,"Methotrexate-Teva 2,5 mg"
1941,"Metoject 50 mg/ml"
1942,"Metoject PEN 10 mg"
1943,"Metoject PEN 12,5 mg"
1944,"Metoject PEN 15 mg"
1945,"Metoject PEN 17,5 mg"
1946,"Metoject PEN 20 mg"
1947,"Metoject PEN 22,5 mg"
1948,"Metoject PEN 25 mg"
1949,"Metoject PEN 7,5 mg"
1950,"METOPIRONE"
1951,"Metoprolol Medreg"
1952,"Metoprolol ratiopharm 100 mg"
1953,"Metoprolol ratiopharm 25 mg"
1954,"Metoprolol ratiopharm 50 mg"
1955,"Metsigletic 50 mg/1000 mg"
1956,"Metsigletic 50 mg/850 mg"
1957,"Metylfenidt Neuraxpharm 18 mg"
1958,"Metylfenidt Neuraxpharm 36 mg"
1959,"Metylfenidt Neuraxpharm 54 mg"
1960,"Micardis 80 mg"
1961,"MicardisPlus 80 mg/12,5 mg"
1962,"MicardisPlus 80 mg/25 mg"
1963,"MICETAL krm"
1964,"MICETAL roztok"
1965,"MICROPAQUE"
1966,"MICROPAQUE CT"
1967,"Mictonorm 15 mg"
1968,"MIDZA 100 mg"
1969,"MIDZA 150 mg"
1970,"MIDZA 200 mg"
1971,"MIDZA 50 mg"
1972,"Miflonide Breezhaler 200"
1973,"Miflonide Breezhaler 400"
1974,"Miglustat G.L. Pharma 100 mg"
1975,"Milgamma NA injekt"
1976,"Milurit 300 mg"
1977,"MINIRIN Melt 120 g"
1978,"MINIRIN Melt 240 g"
1979,"MINIRIN Melt 60 g"
1980,"Miraklide 10 mg"
1981,"Miraklide 20 mg"
1982,"Mirapexin"
1983,"MIRCERA 100 mikrogramov/0,3 ml"
1984,"MIRCERA 120 mikrogramov/0,3 ml"
1985,"MIRCERA 150 mikrogramov/0,3 ml"
1986,"MIRCERA 200 mikrogramov/0,3 ml"
1987,"MIRCERA 250 mikrogramov/0,3 ml"
1988,"MIRCERA 50 mikrogramov/0,3 ml"
1989,"MIRCERA 75 mikrogramov/0,3 ml"
1990,"Mirovian XR 1000 mg"
1991,"Mirovian XR 500 mg"
1992,"Mirovian XR 750 mg"
1993,"MIRZATEN 15 mg"
1994,"MIRZATEN 30 mg"
1995,"Mirzaten 45 mg"
1996,"MIXOR 80 mg/10 mg"
1997,"MIXOR 80 mg/5 mg"
1998,"M-M-RVAXPRO prok a disperzn prostredie na injekn suspenziu v naplnenej injeknej striekake"
1999,"Moloxin 400 mg"
2000,"Mometasone Sandoz 50 mikrogramov"
2001,"Monkasta 10 mg"
2002,"Monkasta 4 mg"
2003,"Monkasta 5 mg"
2004,"MONO MACK DEPOT"
2005,"MONOPOST 50 mikrogramov/ml"
2006,"MONOPRIL 20 mg"
2007,"MONOSAN 20 mg"
2008,"MONOSAN 40 mg"
2009,"Monotab 20"
2010,"Monotab SR"
2011,"MONOZIDE"
2012,"Montelukast Medreg"
2013,"Montelukast MSD 10 mg"
2014,"Montelukast MSD 4 mg"
2015,"Montelukast MSD 5 mg"
2016,"Montelukast Mylan 10 mg"
2017,"Montelukast Teva 10 mg"
2018,"Montelukast Teva 4 mg"
2019,"Montelukast Teva 4 mg"
2020,"Montelukast Teva 5 mg"
2021,"MORPHIN Biotika 1%"
2022,"MORYSA 10 mg"
2023,"MORYSA 20 mg"
2024,"MOVALIS 15 mg"
2025,"MOVALIS 15 mg/1,5 ml"
2026,"Moventig"
2027,"MOVIPREP"
2028,"Movymia 20 mikrogramov/80 mikrolitrov"
2029,"Moxifloxacin Olikla 5 mg/ml"
2030,"Moxogamma 0,2 mg"
2031,"Moxogamma 0,3 mg"
2032,"Moxogamma 0,4 mg"
2033,"Moxonidin-ratiopharm 0,2 mg"
2034,"Moxonidin-ratiopharm 0,3 mg"
2035,"Moxonidin-ratiopharm 0,4 mg"
2036,"MOXOSTAD 0,2 mg"
2037,"MOXOSTAD 0,3 mg"
2038,"MOXOSTAD 0,4 mg"
2039,"MOXTENZ 0,2 mg"
2040,"MOXTENZ 0,3 mg"
2041,"MOXTENZ 0,4 mg"
2042,"MST Continus 100 mg"
2043,"MST Continus 30 mg"
2044,"MST Continus 60 mg"
2045,"Multaq 400 mg"
2046,"MUSTOPHORAN"
2047,"MUTAFLOR"
2048,"MVASI 25 mg/ml"
2049,"MYCOMAX 100"
2050,"MYCOMAX 150"
2051,"Myfenax 250 mg"
2052,"Myfenax 500 mg"
2053,"MYFORTIC 180 mg"
2054,"MYFORTIC 360 mg"
2055,"Mykofenolt mofetil Sandoz 500 mg"
2056,"Myocet 50 mg"
2057,"Myozyme 50 mg"
2058,"Nakom mite 100 mg/25 mg"
2059,"Nalgesin FORTE 550 mg"
2060,"NALOXONE WZF POLFA"
2061,"Nasofan 50 mikrogramov nosov suspenzn aerodisperzia"
2062,"NASONEX"
2063,"NAVELBINE 10 mg"
2064,"NAVELBINE 50 mg"
2065,"NAVELBINE ORAL 20 mg"
2066,"NAVELBINE ORAL 30 mg"
2067,"Navirel"
2068,"Naxalgan 150 mg"
2069,"Naxalgan 300 mg"
2070,"Naxalgan 75 mg"
2071,"Nebido 1000 mg/4 ml"
2072,"Nebilet 5 mg"
2073,"Nebilet HCTZ 5 mg/12,5 mg"
2074,"Nebitrix 5 mg"
2075,"Nebivolol Krka 5 mg"
2076,"Nemdatine 10 mg"
2077,"Nemdatine 20 mg"
2078,"NEMOTAN 30 mg"
2079,"NeoRecormon 2 000 IU"
2080,"NeoRecormon 3 000 IU"
2081,"NeoRecormon 4 000 IU"
2082,"NeoRecormon 5 000 IU"
2083,"NeoRecormon 6 000 IU"
2084,"Neotigason 10 mg"
2085,"Neotigason 25 mg"
2086,"Nestibil"
2087,"Neulasta 6 mg"
2088,"Neupro 2 mg/24 h transdermlna nplas"
2089,"Neupro 4 mg/24 h transdermlna nplas"
2090,"Neupro 6 mg/24 h transdermlna nplas"
2091,"Neupro 8 mg/24 h transdermlna nplas"
2092,"NeuroBloc 5000 U/ml"
2093,"NEUROL 0,25"
2094,"NEUROL 0,5"
2095,"NEUROL 1,0"
2096,"Neurotop retard 300 mg"
2097,"Neurotop retard 600 mg"
2098,"Nexavar 200 mg"
2099,"NIDRAZID"
2100,"Nimesil"
2101,"Nimvastid"
2102,"NINLARO 2,3 mg"
2103,"NINLARO 3 mg"
2104,"NINLARO 4 mg"
2105,"Nitresan 10 mg"
2106,"Nitresan 20 mg"
2107,"Nitroglycerin-SLOVAKOFARMA"
2108,"Nitromint"
2109,"Nolicin"
2110,"Noliprel Bi-forte A"
2111,"Noliprel forte A"
2112,"Nolpaza 20 mg"
2113,"Nolpaza 40 mg"
2114,"Noprex 35 mikrogramov/h"
2115,"Noprex 52,5 mikrogramov/h"
2116,"Noprex 70 mikrogramov/h"
2117,"Noradrenalin Liva"
2118,"Norditropin NordiFlex 10 mg/1,5 ml"
2119,"Norditropin NordiFlex 5 mg/1,5 ml"
2120,"Norepinephrine Kabi 1 mg/ml"
2121,"Norepinephrine Kalceks 1 mg/ml"
2122,"Norethisteron Zentiva"
2123,"Norifaz 35 mg"
2124,"NORMIX 200 mg"
2125,"Norprolac 75 g"
2126,"Norvasc 10 mg"
2127,"Norvasc 5 mg"
2128,"Novalgin 500 mg"
2129,"Novalgin 500 mg/1 ml"
2130,"NovoEight 1000 IU"
2131,"NovoEight 250 IU"
2132,"NovoEight 500 IU"
2133,"Novofem"
2134,"NovoMix 30 FlexPen"
2135,"NOVONORM 2 mg"
2136,"NovoRapid FlexPen 100 jednotiek/ml"
2137,"NovoRapid Penfill 100 jednotiek/ml"
2138,"NovoRapid PumpCart 100 jednotiek/ml"
2139,"NovoSeven 1 mg"
2140,"NovoSeven 2 mg"
2141,"NovoThirteen 2500 IU"
2142,"Noxafil 100 mg"
2143,"Noxafil 40 mg/ml"
2144,"Nplate 250 mikrogramov"
2145,"Nplate 500 mikrogramov"
2146,"Nucala 100 mg"
2147,"NutropinAq 10mg/2 ml"
2148,"Nuwiq 1000 IU"
2149,"Nuwiq 2000 IU"
2150,"Nuwiq 250 IU"
2151,"Nuwiq 500 IU"
2152,"Nystatin Galvex supp. vag."
2153,"Ocrevus 300 mg"
2154,"OCTANATE 1000 I.U."
2155,"OCTANATE 250 I.U."
2156,"OCTANATE 500 I.U."
2157,"OCTANINE F 1000 I.U."
2158,"OCTANINE F 500 I.U."
2159,"Octaplex"
2160,"Odefsey 200 mg/25 mg/25 mg"
2161,"Ofloxin 200"
2162,"Oftaquix 5 mg/ml"
2163,"Ogivri 150 mg"
2164,"Oilatum Emollient"
2165,"Oktreotid Teva 20 mg"
2166,"Oktreotid Teva 30 mg"
2167,"Olanzapin Actavis 10 mg"
2168,"Olanzapin Actavis 10 mg"
2169,"Olanzapin Actavis 15 mg"
2170,"Olanzapin Actavis 5 mg"
2171,"Olanzapin Actavis 5 mg"
2172,"Olanzapin Mylan 10 mg"
2173,"Olanzapin Mylan 5 mg"
2174,"Olanzapine Accord 10 mg"
2175,"Olanzapine Accord 5 mg"
2176,"OLICARD 40 mg"
2177,"OLICARD 60 mg"
2178,"OLPINAT 10 mg"
2179,"OLPINAT 5 mg"
2180,"Oltar 2 mg"
2181,"Oltar 3 mg"
2182,"Oltar 4 mg"
2183,"Oltar 6 mg"
2184,"Olumiant 4 mg"
2185,"Omarit"
2186,"Omarit 10 mg"
2187,"Omemyl 20 mg"
2188,"Omeprazol Farmax 20 mg"
2189,"Omeprazol Sandoz 20 mg"
2190,"Omeprazol STADA 20 mg"
2191,"Omnic TOCAS 0,4"
2192,"OMNIPAQUE 300"
2193,"OMNIPAQUE 350"
2194,"Onbrez Breezhaler 150 mikrogramov"
2195,"Ondansetron B. Braun 2 mg/ml"
2196,"ONDANSETRON KABI 2 mg/ml"
2197,"ONKOTRONE"
2198,"ONSETROGEN 2 mg/ml"
2199,"Onsetrogen 8 mg"
2200,"Ontozry 100 mg"
2201,"Ontozry 12,5 mg"
2202,"Ontozry 150 mg"
2203,"Ontozry 200 mg"
2204,"Ontozry 50 mg"
2205,"ONYCHOMED 250 mg"
2206,"Opatanol 1 mg/ml"
2207,"OPHTHALMO-FRAMYKOIN"
2208,"OPHTHALMO-FRAMYKOIN comp."
2209,"OPRAZOLE"
2210,"Oprymea 0,18 mg"
2211,"Oprymea 0,26 mg"
2212,"Oprymea 0,52 mg"
2213,"Oprymea 0,7 mg"
2214,"Oprymea 1,05 mg"
2215,"Oprymea 2,1 mg"
2216,"Oprymea 2,62 mg"
2217,"Oprymea 3,15 mg"
2218,"Opsumit 10 mg"
2219,"OPTIRAY 300"
2220,"OPTIRAY 350"
2221,"Optivate 1 000 IU"
2222,"Optivate 250 IU"
2223,"Optivate 500 IU"
2224,"Oralair 100 IR 300 IR"
2225,"Oralair 300 IR"
2226,"Oramellox 15 mg"
2227,"ORENCIA 250 mg"
2228,"Orfadin 10 mg"
2229,"Orfadin 2 mg"
2230,"Orfadin 20 mg"
2231,"Orfadin 4 mg/ml"
2232,"Orfadin 5 mg"
2233,"ORFIRIL LONG 1000 mg"
2234,"ORFIRIL LONG 150 mg"
2235,"ORFIRIL LONG 300 mg"
2236,"Orfiril long"
2237,"Orkambi 100 mg/125 mg"
2238,"Orkambi 150 mg/188 mg"
2239,"Orkambi 200 mg/125 mg"
2240,"Osagrand 150 mg"
2241,"Ospamox 1000 mg"
2242,"Ospamox 250 mg/5 ml"
2243,"Ospamox 500 mg"
2244,"Ospamox 750 mg"
2245,"Ospen 1000"
2246,"Ospen 1500"
2247,"Ospen 400"
2248,"Ospen 500"
2249,"Ospexin 1000 mg"
2250,"Ospexin 250 mg/5 ml"
2251,"Ospexin 500 mg"
2252,"Ospolot"
2253,"Osporil 4 mg/100 ml"
2254,"Ossica 150 mg"
2255,"Ossica 3 mg"
2256,"OsvaRen"
2257,"Otezla 10 mg"
2258,"Otezla 30 mg"
2259,"Otobacid N"
2260,"Ovaleap 450 IU/0,75 ml"
2261,"Ovaleap 900 IU/1,5 ml"
2262,"Ovestin"
2263,"Ovitrelle 250 mikrogramov"
2264,"Ovitrelle 250 mikrogramov/0,5 ml"
2265,"Oxaliplatin Kabi 5 mg/ml"
2266,"Oxaliplatina Mylan 5 mg/ ml"
2267,"OXAZEPAM LIVA"
2268,"Oxis Turbuhaler 6 g"
2269,"Oxycomp 10 mg/5 mg"
2270,"Oxycomp 20 mg/10 mg"
2271,"Oxycomp 40 mg/20 mg"
2272,"Oxycomp 5 mg/2,5 mg"
2273,"Oxykodn/Naloxn STADA 10 mg/5 mg"
2274,"Oxykodn/Naloxn STADA 20 mg/10 mg"
2275,"Oxykodn/Naloxn STADA 40 mg/20 mg"
2276,"Oxykodn/Naloxn STADA 5 mg/2,5 mg"
2277,"Oxypro 10 mg"
2278,"Oxypro 20 mg"
2279,"Oxypro 40 mg"
2280,"Oxypro 80 mg"
2281,"Oyavas 25 mg/ml"
2282,"Ozempic 0,25 mg"
2283,"Ozempic 0,5 mg"
2284,"Ozempic 1 mg"
2285,"OZURDEX 700 mikrogramov"
2286,"Ozzion 20 mg"
2287,"Ozzion 40 mg"
2288,"Paclitaxel ,,Ebewe"" 6 mg/ ml"
2289,"Paclitaxel Accord 6 mg/ml"
2290,"Paclitaxel Kabi 6 mg/ml"
2291,"Paclitaxel Mylan 6 mg/ml"
2292,"Palexia 20 mg/ml"
2293,"PALEXIA 50 mg"
2294,"PALEXIA retard 100 mg"
2295,"PALEXIA retard 150 mg"
2296,"PALEXIA retard 200 mg"
2297,"PALEXIA retard 250 mg"
2298,"PALEXIA retard 50 mg"
2299,"PALLADONE-SR capsules 16 mg"
2300,"PALLADONE-SR capsules 2 mg"
2301,"PALLADONE-SR capsules 4 mg"
2302,"PALLADONE-SR capsules 8 mg"
2303,"Palonosetron Accord 250 mikrogramov"
2304,"Palonosetron Fresenius Kabi 250 mikrogramov"
2305,"Pamifos"
2306,"PAMYCON na pripravu kvapiek"
2307,"Pangrol 20 000"
2308,"Pantomyl 20 mg"
2309,"Pantomyl 40 mg"
2310,"Pantoprazol Sandoz 20 mg"
2311,"Pantoprazol Sandoz 40 mg"
2312,"PANZYNORM FORTE-N"
2313,"Panzytrat 25 000"
2314,"PARETIN 20 mg"
2315,"Parnido 3 mg"
2316,"Parnido 6 mg"
2317,"Parnido 9 mg"
2318,"Paroxetin G.L. Pharma 20 mg"
2319,"PASTA S RYBM OLEJOM"
2320,"Pasta s rybm olejom VULM"
2321,"Pazenir 5 mg/ml"
2322,"Pazopanib G.L. Pharma 200 mg"
2323,"Pazopanib G.L. Pharma 400 mg"
2324,"Pazopanib Gedeon Richter 200 mg"
2325,"Pazopanib Gedeon Richter 400 mg"
2326,"Pazopanib Glenmark 200 mg"
2327,"Pazopanib Glenmark 400 mg"
2328,"Pazopanib STADA 200 mg"
2329,"Pazopanib STADA 400 mg"
2330,"Pazopanib Teva 200 mg"
2331,"Pazopanib Teva 400 mg"
2332,"Pazopanib Zentiva 200 mg"
2333,"Pazopanib Zentiva 400 mg"
2334,"Pegasys 180 mikrogramov"
2335,"Pelgraz 6 mg"
2336,"Pelmeg"
2337,"Pemetrexed EVER Pharma 25 mg/ml"
2338,"Pemetrexed Fresenius Kabi 100 mg"
2339,"Pemetrexed Fresenius Kabi 25 mg/ml"
2340,"Pemetrexed Fresenius Kabi 500 mg"
2341,"Pemetrexed Pharmevid 500 mg"
2342,"Pemetrexed STADA 25 mg/ml"
2343,"Penbene"
2344,"Penbene 1,5 mil. IU"
2345,"Penester"
2346,"Penlac 500mg/125 mg"
2347,"Penlac 875 mg/125 mg"
2348,"Pentasa"
2349,"Pentasa 1 g"
2350,"Pentasa Sachet 2 g"
2351,"Pentasa Sachet 4 g"
2352,"Pentasa Slow release tablets 1 g"
2353,"Pentasa Slow release tablets 500 mg"
2354,"Pergoveris (300 IU"
2355,"Pergoveris (450 IU"
2356,"Pergoveris (900 IU"
2357,"Perindamlostad 4 mg/10 mg"
2358,"Perindamlostad 4 mg/5 mg"
2359,"Perindamlostad 8 mg/10 mg"
2360,"Perindamlostad 8 mg/5 mg"
2361,"PERINDASAN 2 mg/0,625 mg"
2362,"PERINDASAN 4 mg/1,25 mg"
2363,"Perindocombi 2 mg/0,625 mg"
2364,"Perindocombi 4 mg/1,25 mg"
2365,"Perindopril Mylan 4 mg"
2366,"Perindopril Mylan 8 mg"
2367,"Perindopril ratiopharm 8 mg"
2368,"Perindopril Xantis 4 mg"
2369,"Perindopril Xantis 8 mg"
2370,"Perindopril-ratiopharm 4 mg"
2371,"Perindostad Kombi 2 mg/0,625 mg"
2372,"Perindostad Kombi 4 mg/1,25 mg"
2373,"Perjeta 420 mg"
2374,"Petinimid cps"
2375,"Petnidan"
2376,"Pexapral 0,26 mg"
2377,"Pexapral 0,52 mg"
2378,"Pexapral 1,05 mg"
2379,"Pexapral 2,1 mg"
2380,"Pexapral 3,15 mg"
2381,"Phacebonate 50 mg"
2382,"Phenaemal 0,1"
2383,"Phenaemaletten"
2384,"PHOSTAL"
2385,"PICOPREP"
2386,"PILOKARPIN 2 %"
2387,"Pimafucort"
2388,"Pioglitazone Accord 30 mg"
2389,"Pioglitazone Accord 45 mg"
2390,"Pioglitazone Actavis 30 mg"
2391,"Pioglitazone Actavis 45 mg"
2392,"Piperacillin/Tazobactam Mylan 4 g/0,5 g"
2393,"Piramil 10 mg"
2394,"Piramil 5 mg"
2395,"Pixuvri 29 mg"
2396,"PK-Merz"
2397,"Plaquenil 200 mg"
2398,"Plegridy 125 mikrogramov"
2399,"Plegridy 63 mikrogramov"
2400,"Plendil 5 mg"
2401,"Plenvu"
2402,"Plexxo 100 mg"
2403,"Plexxo 50 mg"
2404,"Pneumovax 23"
2405,"Polinail"
2406,"POLLINEX Rye"
2407,"POLLINEX Tree"
2408,"Polvertic 24 mg"
2409,"POLYGYNAX"
2410,"POLYOXIDONIUM 6 mg"
2411,"Ponvory 2 mg"
2412,"Ponvory 20 mg"
2413,"Posaconazole Sandoz 100 mg"
2414,"Posaconazole Sandoz 40 mg/ml"
2415,"Posaconazole STADA 100 mg"
2416,"Posaconazole Zentiva"
2417,"Posakonazol STADA"
2418,"Posakonazol Teva 100 mg"
2419,"POTELIGEO 4 mg/ml"
2420,"Pradaxa 110 mg"
2421,"Pradaxa 150 mg"
2422,"Pradaxa 75 mg"
2423,"Pragiola 150 mg"
2424,"Pragiola 300 mg"
2425,"Pragiola 75 mg"
2426,"Praluent 150 mg"
2427,"Praluent 300 mg"
2428,"Praluent 75 mg"
2429,"Pramipexol STADA  0,18 mg"
2430,"Pramipexol STADA  0,7 mg"
2431,"Pramipexol Teva Pharma 0,26 mg"
2432,"Pramipexol Teva Pharma 0,52 mg"
2433,"Pramipexol Teva Pharma 1,05 mg"
2434,"Pramipexol Teva Pharma 2,1 mg"
2435,"Pramipexol Teva Pharma 2,62 mg"
2436,"Preato 150 mg"
2437,"Preato 300 mg"
2438,"Preato 75 mg"
2439,"PREDNISON 20 LIVA"
2440,"PREDNISON 5 LIVA"
2441,"PREDUCTAL MR"
2442,"Pregabalin Mylan 150 mg"
2443,"Pregabalin Mylan 300 mg"
2444,"Pregabalin Mylan 75 mg"
2445,"Pregabalin Sandoz 150 mg"
2446,"Pregabalin Sandoz 300 mg"
2447,"Pregabalin Sandoz 75 mg"
2448,"Pregabalin STADA Arzneimittel 150 mg"
2449,"Pregabalin STADA Arzneimittel 300 mg"
2450,"Pregabalin STADA Arzneimittel 75 mg"
2451,"Pregabalin Zentiva 150 mg"
2452,"Pregabalin Zentiva 300 mg"
2453,"Pregabalin Zentiva 75 mg"
2454,"Pregabalin Zentiva k.s. 150 mg"
2455,"Pregabalin Zentiva k.s. 300 mg"
2456,"Pregamid 150 mg"
2457,"Pregamid 75 mg"
2458,"Preglenix 150 mg"
2459,"Preglenix 75 mg"
2460,"PRENESSA 4 mg"
2461,"Prenessa 8 mg"
2462,"PRESTANCE 10 mg/10 mg"
2463,"PRESTANCE 10 mg/5 mg"
2464,"PRESTANCE 5 mg/10 mg"
2465,"PRESTANCE 5 mg/5 mg"
2466,"PRESTANCE INITIO 3,5 mg/2,5 mg"
2467,"PRESTANCE INITIO 7 mg/5 mg"
2468,"PRESTARIUM A 10 mg"
2469,"PRESTARIUM A 5 mg"
2470,"PRESTARIUM COMBI A"
2471,"PRESTARIUM forte COMBI A"
2472,"Prestilol  5 mg/10 mg"
2473,"Prestilol 10 mg/10 mg"
2474,"Prestilol 10 mg/5 mg"
2475,"Prestilol 5 mg/5 mg"
2476,"Prevenar 13 injekn suspenzia"
2477,"Preventax 100 mg"
2478,"Prevymis 240 mg"
2479,"PREZISTA 600 mg"
2480,"PREZISTA 800 mg"
2481,"Priamlo 4 mg/5 mg"
2482,"Primovist 0,25 mmol/ ml"
2483,"Prindex 4 mg"
2484,"Prindex 8 mg"
2485,"Prindex Combi 4 mg/1,25 mg"
2486,"Priorix"
2487,"Priorix-Tetra"
2488,"Privigen 100 mg/ml"
2489,"Procodilol 12,5 mg/5 mg"
2490,"Procodilol 12,5 mg/7,5 mg"
2491,"Procodilol 25 mg/5 mg"
2492,"Procodilol 25 mg/7,5 mg"
2493,"Procodilol 6,25 mg/5 mg"
2494,"Procodilol 6,25 mg/7,5 mg"
2495,"Procoralan 5 mg"
2496,"Procoralan 7,5 mg"
2497,"Prograf 1 mg"
2498,"Prograf 5 mg"
2499,"ProHance"
2500,"Prokanazol 100 mg"
2501,"PROLEKOFEN 150 mg"
2502,"PROLEKOFEN 300 mg"
2503,"Prolia 60 mg"
2504,"PROMEMORE 10 mg"
2505,"PROPANORM 150 mg"
2506,"PROPANORM 300 mg"
2507,"PROPANORM 35 mg/10 ml"
2508,"Propycil 50"
2509,"Prostavasin"
2510,"Protevasc 35 mg"
2511,"Prothazin"
2512,"PROTHIADEN 25"
2513,"Prothiaden 75"
2514,"Protopic 0,03 % mas"
2515,"Protopic 0,1 %  mas"
2516,"PTEROCYN 1000 mg"
2517,"PTEROCYN 500 mg"
2518,"Pulmicort Turbuhaler 200 g"
2519,"Pulmozyme"
2520,"PURIVIST"
2521,"Questax 100 mg"
2522,"Questax 200 mg"
2523,"Questax 25 mg"
2524,"Questax XR 200 mg"
2525,"Questax XR 300 mg"
2526,"Questax XR 600 mg"
1264,"Gabapentin Glenmark 600 mg"
1265,"Gabapentin Teva Slovakia 600 mg"
1266,"Gabapentin Vipharm 300 mg"
1267,"Gabapentin Vipharm 400 mg"
1268,"Gabapentin-Teva 100 mg"
1269,"Gabapentin-Teva 300 mg"
1270,"Gabapentin-Teva 400 mg"
1271,"Gadovist 1,0 mmol/ ml"
1272,"Gadovist 1,0 mmol/ml"
1273,"Gfrov mas s ichtamolom"
1274,"Galafold 123 mg"
1275,"Galantamin Mylan 16 mg"
1276,"Galsya SR 16 mg"
1277,"Galsya SR 8 mg"
1278,"Galvus 50 mg"
1279,"Ganaton"
1280,"GANFORT 0,3 mg/ml"
1281,"Gardasil 9 injekn suspenzia v naplnenej injeknej striekake"
1282,"Gaxenim 0,5 mg"
1283,"Gazyvaro 1 000 mg"
1284,"GECROL 1 mg"
1285,"GELARGIN"
1286,"Gelofusine"
1287,"Gemcitabine Accord 100 mg/ml"
1288,"Gemcitabine Kabi 38 mg/ml"
1289,"Gemliquid 40 mg/ml"
1290,"GENOTROPIN 12 mg"
1291,"GENOTROPIN 5,3 mg"
1292,"Gentamicin Sandoz 80 mg/2 ml"
1293,"Genvoya 150 mg/150 mg/200 mg/10 mg"
1294,"Gerasa 100 mg"
1295,"Gerodorm"
1296,"Geroprostan 0,4 mg"
1297,"Gerousia 150 mg"
1298,"GILENYA 0,5 mg"
1299,"Giona Easyhaler 100"
1300,"Giona Easyhaler 200"
1301,"Giona Easyhaler 400"
1302,"GIOTRIF 20 mg"
1303,"GIOTRIF 30 mg"
1304,"GIOTRIF 40 mg"
1305,"Glepark 0,18 mg"
1306,"Glepark 0,7 mg"
1307,"Gletor 20 mg"
1308,"Glezisim 10 mg/20 mg"
1309,"Glezisim 10 mg/40 mg"
1310,"Glibomet"
1311,"Gliclada 30 mg"
1312,"Gliclada 60 mg"
1313,"Gliclada 90 mg"
1314,"Gliclazide MR Stada"
1315,"Gliklazid Sandoz 60 mg"
1316,"Glimepirid Sandoz 2 mg"
1317,"Glimepirid Sandoz 3 mg"
1318,"Glimepirid Sandoz 4 mg"
1319,"GlucaGen HypoKit 1 mg"
1320,"Glucophage 1000 mg"
1321,"Glucophage 500 mg"
1322,"Glucophage 850 mg"
1323,"GLUCOPHAGE XR"
1324,"GLUCOPHAGE XR 1000 mg"
1325,"GLUCOPHAGE XR 750 mg"
1326,"Glucose 10 % w/v Intravenous Infusion B.P. Bieffe"
1327,"Glucose 20 % w/v Intravenous Infusion B.P. Bieffe"
1328,"Glucose 5 % w/v Intravenous Infusion B.P. Bieffe"
1329,"Glucose Fresenius Kabi 5 %"
1330,"GLUCOTROL XL 10 mg"
1331,"Glukza 10 % Baxter - Viaflo"
1332,"Glukza 10 Braun inf."
1333,"Glukza 20 Braun inf."
1334,"Glukza 40 Braun inf."
1335,"Glukza 5 % Baxter-Viaflo"
1336,"Glukza 5 Braun inf."
1337,"GLURENORM"
1338,"Glypvilo 50 mg"
1339,"Golpimec 0,5 mg"
1340,"GONAL f 900 IU/1,5 ml"
1341,"GONAL-f 450 IU/0,75 ml"
1342,"Gopten 0,5 mg"
1343,"Gopten 2 mg"
1344,"Gopten 4 mg"
1345,"Gordius 300 mg"
1346,"Gordius 400 mg"
1347,"Granegis 1 mg"
1348,"Granegis 2 mg"
1349,"Granisetron Kabi 1 mg/ml"
1350,"Grasustek 6 mg"
1351,"GRAZAX"
1352,"Grimodin 300 mg"
1353,"Grimodin 400 mg"
1354,"Grimodin 600 mg"
1355,"GUAJACURAN 5 %"
1356,"GYNAZOL 2 % vaginlny krm"
1357,"Gynoflor"
1358,"Gyno-Pevaryl 150 vaginlne guky"
1359,"Gyno-Pevaryl 50 vaginlne guky"
1360,"Gynovel 1 mg/0,5 mg"
1361,"GYRABLOCK 400 mg"
1362,"Haemate P 1000 IU"
1363,"Haemate P 500 IU"
1364,"HALAVEN 0,44 mg/ml"
1365,"Haloperidol Decanoat-Richter"
1366,"Haloperidol-Richter"
1367,"Haloperidol-Richter 1,5 mg"
1368,"Harvoni 90 mg/400 mg"
1369,"HAVRIX 1440 Dosis adulta"
1370,"HAVRIX 720 Junior monodose"
1371,"Hedonin XR 200 mg"
1372,"Hedonin XR 300 mg"
1373,"Helex 0,25 mg"
1374,"Helex 0,5 mg"
1375,"Helex 1 mg"
1376,"Helex SR 0,5 mg"
1377,"Helex SR 1 mg"
1378,"Helex SR 2 mg"
1379,"Helicid 10"
1380,"Helicid 20"
1381,"Helicid 40"
1382,"Helicobacter Test INFAI 75 mg"
1383,"Helicobacter Test INFAI pre deti vo veku 3-11 rokov"
1384,"HEMANGIOL 3,75 mg/ml"
1385,"HEPARIN LIVA"
1386,"Hepsera 10 mg"
1387,"Herceptin 150 mg"
1388,"Herceptin 600 mg"
1389,"HERPESIN 200"
1390,"HERPESIN 400"
1391,"Hexacima injekn suspenzia naplnen v injeknej striekake"
1392,"Holoxan 1000 mg"
1393,"Holoxan 2000 mg"
1394,"Hukyndra 40 mg"
1395,"Hulio 40 mg"
1396,"Humalog"
1397,"Human Albumin 200 g/l BAXALTA"
1398,"HUMATROPE 18 IU"
1399,"HUMATROPE 36 IU"
1400,"Humira 20 mg"
1401,"Humira 40 mg"
1402,"Humira 80 mg"
1403,"Humulin M3 (30/70) Cartridge"
1404,"Humulin N (NPH) Cartridge"
1405,"Humulin R Cartridge"
1406,"Hyalgan 20 mg/2 ml"
1407,"Hydrocortison Liva"
1408,"Hydrocortison VUAB 100 mg"
1409,"HYDROCORTISONE MEDOCHEMIE 100 mg"
1410,"HYDROCHLOROTHIAZID LIVA"
1411,"HYPNOGEN"
1412,"HyQvia 100 mg/ml"
1413,"Hyrimoz 40 mg"
1414,"Chantico 0,5 mg"
1415,"Chlorid sodn 0,9 % Braun Infzny Intravenzny roztok"
1416,"Chlorid sodn 0,9 % Braun Injekn roztok"
1417,"Chlorid sodn 0,9 % IMUNA ENVIBAG"
1418,"CHLORPROTHIXEN 15 LIVA"
1419,"CHLORPROTHIXEN 50 LIVA"
1420,"Cholib 145 mg/20 mg"
1421,"Cholib 145 mg/40 mg"
1422,"Ialugen Plus"
1423,"Iasibon 50 mg"
1424,"Iasibon 6 mg"
1425,"Ibalgin 600"
1426,"Ibandronic Acid Mylan 150 mg"
1427,"Ibandronic acid STADA"
1428,"Ibandronic acid STADA 3 mg"
1429,"IBUSTRIN 200 mg"
1430,"Ibutabs 600 mg"
1431,"Icatibant Glenmark 30 mg"
1432,"Icatibant Zentiva"
1433,"Iclusig"
1434,"Idacio 40 mg"
1435,"Idacio 40 mg/0,8 ml"
1436,"IDELVION 1000 IU"
1437,"IDELVION 2000 IU"
1438,"IDELVION 250 IU"
1439,"IDELVION 500 IU"
1440,"Ifirmacombi 300 mg/12,5 mg"
1441,"Ifirmasta 150 mg"
1442,"Ifirmasta 300 mg"
1443,"Igamad 1500 IU"
1444,"Igamplia 160 mg/ml"
1445,"Igantet 250 IU"
1446,"Ikametin 150 mg"
1447,"IKERVIS 1 mg/ml"
1448,"Ilaris 150 mg/ml"
1449,"Ilumetri 100 mg"
1450,"IMACORT"
1451,"Imasup 25 mg"
1452,"Imasup 50 mg"
1453,"Imatinib Glenmark 100 mg"
1454,"Imatinib Glenmark 400 mg"
1455,"Imatinib Sandoz 100 mg"
1456,"Imatinib Sandoz 400 mg"
1457,"Imatinib STADA 100 mg"
1458,"Imatinib STADA 400 mg"
1459,"Imatinib Teva 100 mg"
1460,"Imatinib Teva 400 mg"
1461,"Imazol krmpasta"
1462,"Imazol Plus"
1463,"IMBRUVICA 280 mg"
1464,"IMBRUVICA 420 mg"
1465,"IMBRUVICA 560 mg"
1466,"IMFINZI 50 mg/ml"
1467,"Imigran"
1468,"Imigran 20 mg"
1469,"Immunate 1000 IU"
1470,"Immunate 250 IU"
1471,"Immunate 500 IU"
1472,"IMMUNINE 1200 IU"
1473,"IMMUNINE 600 IU"
1474,"Immunoprin 100 mg"
1475,"Imnovid 4 mg"
1476,"IMOVAX D.T. ADULT"
1477,"IMUNOR"
1478,"Imuran 25 mg"
1479,"Imuran 50 mg"
1480,"Incresync 25 mg/30 mg"
1481,"Incruse Ellipta 55 mikrogramov"
1482,"Indap"
1483,"Indapamid ratiopharm 1,5 mg"
1484,"Indapamid STADA 1,5 mg"
1485,"Indometacin 100 Berlin-Chemie"
1486,"Indometacin 100 Galvex"
1487,"Indometacin 50 Berlin-Chemie"
1488,"INEGY 10 mg/20 mg"
1489,"INEGY 10 mg/40 mg"
1490,"Infalin duo 3 mg/ml"
1491,"Infanrix hexa"
1492,"Infanrix Polio"
1493,"Infectoscab 5 % krm"
1494,"Inflectra 100 mg"
1495,"Influvac Tetra"
1496,"INFUSIO GLUCOSI 10 IMUNA"
1497,"INFUSIO GLUCOSI 5 IMUNA"
1498,"INFUSIO MANNITOLI 10 IMUNA"
1499,"INFUSIO NATRII CHLORATI ISOTONICA IMUNA"
1500,"INFUSIO RINGERI IMUNA"
1501,"INOMED 50 mg/ml"
1502,"INOMED 500 mg"
1503,"Inovelon 200 mg"
1504,"Inovelon 400 mg"
1505,"INSPRA 25 mg"
1506,"INSPRA 50 mg"
1507,"Insulatard Penfill"
1508,"Insuman Basal"
1509,"Insuman Comb 25"
1510,"Insuman Rapid"
1511,"Intuicor 25 mg/5 mg"
1512,"Intuicor 25 mg/7,5 mg"
1513,"Intuicor 50 mg/5 mg"
1514,"Intuicor 50 mg/7,5 mg"
1515,"Invega"
1516,"Invokana 100 mg"
1517,"IOMERON 300"
1518,"IOMERON 350"
1519,"IOMERON 400"
3270,"Vancomycin Mylan 1g"
3271,"Vancomycin Mylan 500 mg"
3272,"VAQTA 25 U"
3273,"VAQTA 50 U"
3274,"Vasocardin 100"
3275,"Vasocardin 50"
3276,"Vasocardin SR 200"
3277,"Vaxigrip Tetra"
3278,"Vectibix 20 mg/ml"
3279,"VELBIENNE 2 mg/1 mg"
3280,"VELETRI 1,5 mg"
3281,"Venclyxto 10 mg"
3282,"Venclyxto 100 mg"
3283,"Venclyxto 50 mg"
3284,"Venofer"
3285,"Ventavis 10 mikrogramov/ml"
3286,"Ventolin"
3287,"Ventolin Inhaler N"
3288,"VERAL 100 RETARD"
3289,"VERAL 50 mg"
3290,"VERAL 75 retard"
3291,"Verimmus 10 mg"
3292,"Verimmus 5 mg"
3293,"Vermox"
3294,"VEROGALID ER 240 mg"
3295,"VEROSPIRON"
3296,"Verquvo 10 mg"
3297,"Verquvo 2,5 mg"
3298,"Verquvo 5 mg"
3299,"VERRIA 200 mg"
3300,"Versatis 700 mg"
3301,"Vesicare 10 mg"
3302,"Vesomni 6 mg/0,4 mg"
3303,"VESOXX 1 mg/ml"
3304,"VESSEL DUE F kapsuly"
3305,"VFEND 200mg"
3306,"VIDONORM 4 mg/10 mg"
3307,"VIDONORM 4 mg/5 mg"
3308,"VIDONORM 8 mg/10 mg"
3309,"VIDONORM 8 mg/5 mg"
3310,"VIGAMOX"
3311,"Viglita"
3312,"Vildagliptin Sandoz 50 mg"
3313,"Vildagliptin STADA 50 mg"
3314,"Vildagliptin/Metformin Sandoz 50 mg/1000 mg"
3315,"Vildagliptin/Metformin Sandoz 50 mg/850 mg"
3316,"Vildagliptin/Metformin STADA 50 mg/1000 mg"
3317,"Vildagliptin/Metformin STADA 50 mg/850 mg"
3318,"Vimetso 50 mg/1000 mg"
3319,"Vimetso 50 mg/850 mg"
3320,"Vimpat 100 mg"
3321,"Vimpat 150 mg"
3322,"Vimpat 200 mg"
3323,"Vimpat 50 mg"
3324,"Vinorelbine Glenmark 20 mg"
3325,"Vinorelbine Glenmark 30 mg"
3326,"Vipdomet 12,5 mg/1000 mg"
3327,"Vipdomet 12,5 mg/850 mg"
3328,"Vipidia 12,5 mg"
3329,"Vipidia 25 mg"
3330,"Viread 245 mg"
3331,"Viregyt-K"
3332,"Visanne"
3333,"VISIPAQUE 270 mg"
3334,"VISIPAQUE 320 mg"
3335,"VITAMIN B12 LIVA 1000 g"
3336,"VITAMIN B12 LIVA 300 g"
3337,"Vokanamet 150 mg/1000 mg"
3338,"Vokanamet 50 mg/1000 mg"
3339,"Volibris 5 mg"
3340,"Voltaren Rapid 50 mg"
3341,"Vorikonazol Sandoz 200 mg"
3342,"Vosevi 400 mg/100 mg/100 mg"
3343,"Votrient 200 mg"
3344,"Votrient 400 mg"
3345,"V-PENICILIN BBP 0,8 MIU"
3346,"V-PENICILIN BBP 1,2 MIU"
3347,"VPRIV 400 jednotiek"
3348,"Wamlox 10 mg/160 mg"
3349,"Wamlox 5 mg/160 mg"
3350,"Wamlox 5 mg/80 mg"
3351,"WARFARIN ORION 3 mg"
3352,"WARFARIN ORION 5 mg"
3353,"Warfarin PMCS 2 mg"
3354,"Warfarin PMCS 5 mg"
3355,"Water for Injection Bieffe"
3356,"Wilate 500"
3357,"Willfact"
3358,"XALACOM"
3359,"XALATAN"
3360,"XALKORI 200 mg"
3361,"XALKORI 250 mg"
3362,"XANAX 0,25 mg"
3363,"XANAX 0,5 mg"
3364,"XANAX 1 mg"
3365,"XANAX SR 0,5 mg"
3366,"XANAX SR 1 mg"
3367,"Xanirva 15 mg"
3368,"Xanirva 20 mg"
3369,"Xapimant 10 mg"
3370,"Xarelto 10 mg"
3371,"Xarelto 15 mg"
3372,"Xarelto 2,5 mg"
3373,"Xarelto 20 mg"
3374,"Xefo 4 mg"
3375,"Xefo 4 mg/ml"
3376,"Xefo 8 mg"
3377,"Xefo Rapid"
3378,"XELJANZ 11 mg"
3379,"XELJANZ 5 mg"
3380,"XEOMIN 100 jednotiek"
3381,"Xeplion 100 mg"
3382,"XEPLION 150 mg"
3383,"Xeplion 50 mg"
3384,"Xeplion 75 mg"
3385,"Xermelo 250 mg"
3386,"XGEVA 120 mg"
3387,"Xigduo 5 mg/1000 mg"
3388,"Xolair 150 mg"
3389,"Xolair 75 mg"
3390,"Xorimax 250 mg"
3391,"Xorimax 500 mg"
3392,"Xtandi 40 mg"
3393,"Xultophy 100 jednotiek/ml"
3394,"Xyzal"
3395,"Xyzal 5 mg/10 ml"
3396,"Yasnal 10 mg"
3397,"Yasnal 5 mg"
3398,"Yasnal Q- Tab 5 mg"
3399,"Yasnal Q-Tab 10 mg"
3400,"Yuflyma 40 mg"
3401,"Zabcare 10 mg"
3402,"Zabcare 5 mg"
3403,"Zaditen"
3404,"Zahron 10 mg"
3405,"Zahron 20 mg"
3406,"ZAHRON 30 mg"
3407,"Zalasta 10 mg"
3408,"Zalasta 15 mg"
3409,"Zalasta 20 mg"
3410,"Zalasta 5 mg"
3411,"ZALDIAR"
3412,"Zaldiar effervescens 37,5 mg/325 mg"
3413,"ZALTRAP 25 mg/ml"
3414,"ZARACET"
3415,"ZARACET 75 mg/650 mg"
3416,"Zarzio 30 MU/0,5 ml"
3417,"Zarzio 48 MU/0,5 ml"
3418,"Zassida 25 mg/ml"
3419,"ZAVEDOS 1 mg/ml"
3420,"ZAVEDOS 10 mg"
3421,"Zavesca 100 mg"
3422,"Zebinix 800 mg"
3423,"Zeffix 100 mg"
3424,"Zegomib 3,5 mg"
3425,"Zelboraf 240 mg"
3426,"ZELDOX 40 mg"
3427,"ZELDOX 80 mg"
3428,"Zemplar 1 g"
3429,"Zemplar 2 g"
3430,"Zemplar 5 g/ml"
3431,"Zenaro 5 mg"
3432,"ZENTEL"
3433,"ZEPATIER 50 mg/100 mg"
3434,"Zercepac 150 mg"
3435,"Zessly 100 mg"
3436,"Zetovar 10 mg/10 mg"
3437,"Zetovar 10 mg/20 mg"
3438,"Zetovar 10 mg/40 mg"
3439,"Zetovar 10 mg/80 mg"
3440,"Zevalin 1,6 mg/ml"
3441,"Ziextenzo 6 mg"
3442,"Zineryt"
3443,"Zinnat 125 mg"
3444,"Zinnat 125 mg/5 ml"
3445,"Zinnat 250 mg"
3446,"Zinnat 250 mg/5 ml"
3447,"Zinnat 500 mg"
3448,"Zipwell 40 mg"
3449,"Zipwell 60 mg"
3450,"Zipwell 80 mg"
3451,"Zirabev 25 mg/ml"
3452,"Zitazonium 10 mg"
3453,"Zitazonium 20 mg"
3454,"Znobact 500 mg"
3455,"ZODAC"
3456,"ZODAC GTT"
3457,"Zoladex depot 3,6 mg"
3458,"Zoledronic Acid Fresenius Kabi 4 mg/5 ml"
3459,"Zoledronic acid Mylan 5 mg/100 ml"
3460,"Zoleptil 100 mg"
3461,"Zoleptil 25 mg"
3462,"Zoleptil 50 mg"
3463,"ZOLOFT 100 mg"
3464,"Zolpidem Mylan 10 mg"
3465,"Zolpidem Vitabalans 10 mg"
3466,"Zolpidem Xantis 10 mg"
3467,"Zolpinox"
3468,"Zomacton 10 mg"
3469,"Zomikos 4 mg/5 ml"
3470,"Zonegran 100 mg"
3471,"Zonegran 25 mg"
3472,"Zonegran 50 mg"
3473,"ZOPICLON 7,5-SL"
3474,"Zopitin  7,5 mg"
3475,"Zovirax 200 mg/5 ml"
3476,"ZOVUDEX 125 mg"
3477,"Zyllt 75 mg"
3478,"ZYPADHERA 210 mg"
3479,"ZYPADHERA 300 mg"
3480,"ZYPADHERA 405 mg"
3481,"Zypsilan 40 mg"
3482,"Zypsilan 60 mg"
3483,"Zypsilan 80 mg"
3484,"Zyrtec"
